foup_id,from,to,requested_at,completed_at,cycle_time_sec,vehicle_id,is_hot_lot
0,wafer_fabrication,oxidation,195.00902391612914,248.36363636363637,53.354612447507236,0,False
0,oxidation,photolithography,462.17493069146064,515.3636363636364,53.18870567217573,0,False
0,photolithography,etching,686.3429325905597,739.3636363636364,53.02070377307666,0,False
0,etching,deposition,964.0276132135506,1017.3636363636364,53.33602315008579,0,False
1,wafer_fabrication,oxidation,874.5320449004644,1072.8181818181818,198.28613691771739,4,False
0,deposition,metallization,1240.3027578121648,1293.3636363636363,53.06087855147143,0,False
1,oxidation,photolithography,1285.4061413154384,1338.3636363636363,52.95749504819787,1,False
2,wafer_fabrication,oxidation,1326.3899291639686,1488.4545454545453,162.06461629057662,0,False
1,photolithography,etching,1531.1777871059714,1584.3636363636363,53.18584925766481,1,False
0,metallization,eds,1557.7138232086772,1683.090909090909,125.37708588223177,3,False
2,oxidation,photolithography,1690.8295611361953,1743.3636363636363,52.53407522744101,0,False
1,etching,deposition,1790.1859843470563,1843.3636363636363,53.17765201657994,1,False
3,wafer_fabrication,oxidation,1819.546063618845,1945.090909090909,125.54484547206403,3,False
2,photolithography,etching,1977.814463137117,2030.3636363636363,52.549173226519315,0,False
0,eds,packaging,1939.4723182028301,2065.090909090909,125.61859088807887,1,False
1,deposition,metallization,2076.3209653538715,2165.727272727273,89.40630737340143,0,False
4,wafer_fabrication,oxidation,2091.37345643834,2180.727272727273,89.3538162889331,1,False
3,oxidation,photolithography,2147.3997903781906,2200.3636363636365,52.963845985445914,3,False
2,etching,deposition,2298.1965883810453,2387.727272727273,89.53068434622764,2,False
4,oxidation,photolithography,2373.4483235741754,2426.3636363636365,52.91531278946104,1,False
3,photolithography,etching,2393.560506824386,2446.3636363636365,52.803129539250676,3,False
5,wafer_fabrication,oxidation,2306.1187817822056,2468.4545454545455,162.3357636723399,0,False
1,metallization,eds,2404.4518181623152,2493.727272727273,89.27545456495773,2,False
4,photolithography,etching,2623.0534422178625,2676.3636363636365,53.31019414577395,1,False
3,etching,deposition,2676.006862824971,2729.3636363636365,53.35677353866549,1,False
2,deposition,metallization,2642.592356151342,2731.727272727273,89.13491657593113,3,False
5,oxidation,photolithography,2680.8831210135095,2733.3636363636365,52.48051535012701,0,False
6,wafer_fabrication,oxidation,2614.953994457013,2740.090909090909,125.13691463389614,2,False
1,eds,packaging,2768.1991837027667,2857.727272727273,89.52808902450624,3,False
6,oxidation,photolithography,2922.313352126042,2975.3636363636365,53.0502842375945,2,False
7,wafer_fabrication,oxidation,2888.353037244043,2977.727272727273,89.37423548322977,3,False
3,deposition,metallization,2940.220519966523,2993.3636363636365,53.14311639711332,1,False
4,etching,deposition,2915.7823879738,3004.727272727273,88.94488475347316,0,False
5,photolithography,etching,2933.9561832777804,3022.727272727273,88.77108944949259,4,False
2,metallization,eds,2980.333848400127,3142.4545454545455,162.12069705441854,2,False
7,oxidation,photolithography,3155.410650413408,3208.3636363636365,52.952985950228594,3,False
4,deposition,metallization,3211.0698772949568,3264.3636363636365,53.29375906867972,0,False
8,wafer_fabrication,oxidation,3143.2624625883245,3269.090909090909,125.82844650258448,2,False
5,etching,deposition,3241.0295721275575,3294.3636363636365,53.33406423607903,4,False
3,metallization,eds,3356.3459703930093,3409.3636363636365,53.01766597062715,0,False
6,photolithography,etching,3207.729203455466,3442.1818181818185,234.4526147263523,1,False
8,oxidation,photolithography,3479.9578537949074,3532.3636363636365,52.40578256872914,2,False
9,wafer_fabrication,oxidation,3418.9518043231296,3544.090909090909,125.13910476777937,0,False
2,eds,packaging,3424.178992081731,3550.090909090909,125.91191700917807,4,False
5,deposition,metallization,3527.389134918668,3616.727272727273,89.3381378086051,1,False
7,photolithography,etching,3624.977699443325,3677.3636363636365,52.38593692031145,3,False
4,metallization,eds,3610.7529641467086,3772.4545454545455,161.70158130783693,2,False
6,etching,deposition,3663.355731684186,3789.090909090909,125.73517740672287,0,False
3,eds,packaging,3750.2135462605142,3839.727272727273,89.51372646675873,1,False
9,oxidation,photolithography,3716.4251648108393,3842.090909090909,125.6657442800697,4,False
8,photolithography,etching,3852.943214881075,3905.3636363636365,52.42042148256132,4,False
7,etching,deposition,3983.536979808628,4036.3636363636365,52.82665655500841,3,False
5,metallization,eds,3985.9394238123205,4074.727272727273,88.78784891495252,0,False
6,deposition,metallization,4020.5458561641785,4109.727272727273,89.18141656309444,4,False
4,eds,packaging,4068.534430185171,4121.363636363636,52.82920617846503,2,False
9,photolithography,etching,4064.813069205595,4226.454545454545,161.64147624894986,1,False
8,etching,deposition,4226.135504751148,4279.363636363636,53.22813161248814,1,False
7,deposition,metallization,4292.125117542303,4345.363636363636,53.238518821332946,1,False
5,eds,packaging,4339.738923068699,4392.363636363636,52.624713294937465,0,False
6,metallization,eds,4357.092514847306,4410.363636363636,53.27112151632991,1,False
8,deposition,metallization,4531.611953195946,4584.363636363636,52.75168316769032,3,False
9,etching,deposition,4469.739449615711,4667.818181818181,198.07873220246984,0,False
7,metallization,eds,4621.249882374554,4674.363636363636,53.1137539890824,3,False
6,eds,packaging,4689.294259884235,4742.363636363636,53.0693764794014,1,False
8,metallization,eds,4898.307702179456,4951.363636363636,53.05593418417993,4,False
9,deposition,metallization,4905.848472127993,4958.363636363636,52.51516423564317,0,False
7,eds,packaging,4959.534033759117,5012.363636363636,52.829602604519096,3,False
9,metallization,eds,5179.616947684475,5232.363636363636,52.7466886791608,0,False
8,eds,packaging,5209.057750551538,5262.363636363636,53.305885812097586,4,False
9,eds,packaging,5482.4186998116065,5535.363636363636,52.9449365520295,0,False
