threshold,f1,fp,fn,flagged_rate,expected_cost
0.0,0.12425149700598802,1170,0,1.0,117000
0.00020198167476337403,0.12425149700598802,1170,0,1.0,117000
0.00021465469035319984,0.12434456928838951,1169,0,0.9992019154030327,116900
0.0002836915373336524,0.12443778110944528,1168,0,0.9984038308060654,116800
0.0003185606037732214,0.1245311327831958,1167,0,0.9976057462090981,116700
0.00034922911436297,0.12462462462462462,1166,0,0.9968076616121309,116600
0.0003671160666272044,0.1247182569496619,1165,0,0.9960095770151636,116500
0.0003786476736422628,0.12481203007518797,1164,0,0.9952114924181963,116400
0.0003876594128087163,0.12490594431903687,1163,0,0.994413407821229,116300
0.00039142597233876586,0.125,1162,0,0.9936153232242618,116200
0.0004113736795261502,0.12509419743782968,1161,0,0.9928172386272945,116100
0.00041182056884281337,0.12518853695324283,1160,0,0.9920191540303273,116000
0.00045071885688230395,0.12528301886792453,1159,0,0.99122106943336,115900
0.00045314381713978946,0.12537764350453173,1158,0,0.9904229848363927,115800
0.0004758270806632936,0.12396069538926682,1158,1,0.9896249002394254,120800
0.0004819348978344351,0.12405446293494705,1157,1,0.9888268156424581,120700
0.0004987314459867775,0.12414837244511734,1156,1,0.9880287310454908,120600
0.0005003194091841578,0.12424242424242424,1155,1,0.9872306464485235,120500
0.0005111080827191472,0.1243366186504928,1154,1,0.9864325618515563,120400
0.0005205594352446496,0.1244309559939302,1153,1,0.985634477254589,120300
0.0005412044702097774,0.12300683371298406,1153,2,0.9848363926576217,125300
0.0005458460072986782,0.12310030395136778,1152,2,0.9840383080606544,125200
0.0005483770510181785,0.12319391634980989,1151,2,0.9832402234636871,125100
0.0005528890760615468,0.1232876712328767,1150,2,0.9824421388667198,125000
0.0005830967565998435,0.12338156892612338,1149,2,0.9816440542697525,124900
0.0005873660556972027,0.12347560975609756,1148,2,0.9808459696727854,124800
0.000617581361439079,0.12356979405034325,1147,2,0.9800478850758181,124700
0.0006198584451340139,0.12366412213740458,1146,2,0.9792498004788508,124600
0.0006259483634494245,0.12375859434682965,1145,2,0.9784517158818835,124500
0.0006434899405576289,0.12385321100917432,1144,2,0.9776536312849162,124400
0.0006483630859293044,0.12394797245600613,1143,2,0.9768555466879489,124300
0.0006555216968990862,0.12404287901990811,1142,2,0.9760574620909817,124200
0.0006558413151651621,0.12413793103448276,1141,2,0.9752593774940144,124100
0.0006708157598040998,0.12423312883435583,1140,2,0.9744612928970471,124000
0.0006867605843581259,0.12432847275518036,1139,2,0.9736632083000798,123900
0.000700554228387773,0.12442396313364056,1138,2,0.9728651237031125,123800
0.000706237624399364,0.1245196003074558,1137,2,0.9720670391061452,123700
0.0007079296628944576,0.12461538461538461,1136,2,0.9712689545091779,123600
0.0007089217542670667,0.12471131639722864,1135,2,0.9704708699122107,123500
0.0007121255621314049,0.12480739599383667,1134,2,0.9696727853152434,123400
0.0007182949921116233,0.12490362374710871,1133,2,0.9688747007182761,123300
0.0007185099530033767,0.125,1132,2,0.9680766161213089,123200
0.0007220253464765847,0.1250965250965251,1131,2,0.9672785315243416,123100
0.0007259214180521667,0.125193199381762,1130,2,0.9664804469273743,123000
0.0007299782591871917,0.12529002320185614,1129,2,0.965682362330407,122900
0.0007489167037419975,0.12538699690402477,1128,2,0.9648842777334398,122800
0.0007493543089367449,0.1254841208365608,1127,2,0.9640861931364725,122700
0.0007637765374965966,0.12558139534883722,1126,2,0.9632881085395052,122600
0.0007766245398670435,0.1256788207913111,1125,2,0.9624900239425379,122500
0.0007795121055096388,0.12577639751552794,1124,2,0.9616919393455706,122400
0.0007810493116267025,0.1258741258741259,1123,2,0.9608938547486033,122300
0.0007849748362787068,0.12597200622083982,1122,2,0.960095770151636,122200
0.0007939647766761482,0.12607003891050583,1121,2,0.9592976855546688,122100
0.0007964858668856323,0.1261682242990654,1120,2,0.9584996009577015,122000
0.0007978228386491537,0.12626656274356976,1119,2,0.9577015163607342,121900
0.0008030139724723995,0.12636505460218408,1118,2,0.9569034317637669,121800
0.0008042706176638603,0.12646370023419204,1117,2,0.9561053471667997,121700
0.0008195770788006485,0.1265625,1116,2,0.9553072625698324,121600
0.0008356932667084038,0.1266614542611415,1115,2,0.9545091779728652,121500
0.0008381474763154984,0.1267605633802817,1114,2,0.9537110933758979,121400
0.00083831517258659,0.12685982772122162,1113,2,0.9529130087789306,121300
0.0008392707677558064,0.12695924764890282,1112,2,0.9521149241819633,121200
0.0008603389142081141,0.12705882352941175,1111,2,0.951316839584996,121100
0.0008615891565568745,0.1271585557299843,1110,2,0.9505187549880287,121000
0.0008661604369990528,0.1272584446190102,1109,2,0.9497206703910615,120900
0.0008679441525600851,0.12735849056603774,1108,2,0.9489225857940942,120800
0.0008769342093728483,0.12745869394177814,1107,2,0.9481245011971269,120700
0.0008846214623190463,0.12755905511811025,1106,2,0.9473264166001596,120600
0.0008852833998389542,0.1276595744680851,1105,2,0.9465283320031923,120500
0.0008924948051571846,0.1277602523659306,1104,2,0.945730247406225,120400
0.0008935669320635498,0.12786108918705605,1103,2,0.9449321628092577,120300
0.0009283924009650946,0.12796208530805686,1102,2,0.9441340782122905,120200
0.000933737144805491,0.12806324110671938,1101,2,0.9433359936153233,120100
0.0009340788819827139,0.1281645569620253,1100,2,0.942537909018356,120000
0.0009344420395791531,0.12826603325415678,1099,2,0.9417398244213887,119900
0.0009402309660799801,0.12836767036450078,1098,2,0.9409417398244214,119800
0.0009463031892664731,0.12846946867565423,1097,2,0.9401436552274541,119700
0.0009482340537942946,0.12857142857142856,1096,2,0.9393455706304868,119600
0.0009534954442642629,0.12867355043685463,1095,2,0.9385474860335196,119500
0.0009594447328709066,0.1287758346581876,1094,2,0.9377494014365523,119400
0.000979350763373077,0.1288782816229117,1093,2,0.936951316839585,119300
0.001017794362269342,0.12898089171974522,1092,2,0.9361532322426177,119200
0.0010188528103753924,0.12908366533864543,1091,2,0.9353551476456504,119100
0.0010249033803120255,0.1291866028708134,1090,2,0.9345570630486831,119000
0.001025536679662764,0.12928970470869913,1089,2,0.9337589784517158,118900
0.0010416473960503936,0.12939297124600638,1088,2,0.9329608938547486,118800
0.0010417833691462874,0.12949640287769784,1087,2,0.9321628092577813,118700
0.0010585109703242779,0.1296,1086,2,0.931364724660814,118600
0.0010685052257031202,0.1297037630104083,1085,2,0.9305666400638468,118500
0.0010793231194838881,0.12980769230769232,1084,2,0.9297685554668795,118400
0.0010898966575041413,0.12991178829190056,1083,2,0.9289704708699122,118300
0.0010932647855952382,0.13001605136436598,1082,2,0.928172386272945,118200
0.0011064907303079963,0.13012048192771083,1081,2,0.9273743016759777,118100
0.0011194811668246984,0.1302250803858521,1080,2,0.9265762170790104,118000
0.0011494588106870651,0.13032984714400644,1079,2,0.9257781324820431,117900
0.0011520890984684229,0.13043478260869565,1078,2,0.9249800478850758,117800
0.0011543652508407831,0.1305398871877518,1077,2,0.9241819632881085,117700
0.0011618701973930001,0.13064516129032258,1076,2,0.9233838786911412,117600
0.0012019737623631954,0.13075060532687652,1075,2,0.922585794094174,117500
0.0012486742343753576,0.1308562197092084,1074,2,0.9217877094972067,117400
0.0012583223870024085,0.13096200485044462,1073,2,0.9209896249002394,117300
0.0012624195078387856,0.13106796116504854,1072,2,0.9201915403032721,117200
0.0012769579188898206,0.1311740890688259,1071,2,0.9193934557063048,117100
0.0012795408256351948,0.1312803889789303,1070,2,0.9185953711093376,117000
0.0012929689837619662,0.13138686131386862,1069,2,0.9177972865123704,116900
0.0013013366842642426,0.1314935064935065,1068,2,0.9169992019154031,116800
0.0013188186567276716,0.13160032493907392,1067,2,0.9162011173184358,116700
0.0013230860931798816,0.13170731707317074,1066,2,0.9154030327214685,116600
0.0013246666640043259,0.13181448331977216,1065,2,0.9146049481245012,116500
0.0013322725426405668,0.13192182410423453,1064,2,0.9138068635275339,116400
0.0013341727899387479,0.13202933985330073,1063,2,0.9130087789305666,116300
0.0013387652579694986,0.13213703099510604,1062,2,0.9122106943335994,116200
0.0013411752879619598,0.13224489795918368,1061,2,0.9114126097366321,116100
0.0013420141767710447,0.1323529411764706,1060,2,0.9106145251396648,116000
0.0013503399677574635,0.13246116107931316,1059,2,0.9098164405426975,115900
0.0013550828443840146,0.132569558101473,1058,2,0.9090183559457302,115800
0.0013562390813603997,0.13267813267813267,1057,2,0.9082202713487629,115700
0.0013652952620759606,0.13278688524590163,1056,2,0.9074221867517956,115600
0.0013660261174663901,0.13289581624282198,1055,2,0.9066241021548284,115500
0.0013699084520339966,0.1330049261083744,1054,2,0.9058260175578612,115400
0.0013710048515349627,0.13311421528348397,1053,2,0.9050279329608939,115300
0.0013762206071987748,0.13157894736842105,1053,3,0.9042298483639266,120300
0.001377101056277752,0.13168724279835392,1052,3,0.9034317637669593,120200
0.001383471768349409,0.13179571663920922,1051,3,0.902633679169992,120100
0.0013880631886422634,0.13190436933223412,1050,3,0.9018355945730248,120000
0.001396323787048459,0.132013201320132,1049,3,0.9010375099760575,119900
0.0013963717501610518,0.13212221304706853,1048,3,0.9002394253790902,119800
0.0014125051675364375,0.1322314049586777,1047,3,0.8994413407821229,119700
0.0014241996686905622,0.13234077750206782,1046,3,0.8986432561851556,119600
0.001427175709977746,0.13245033112582782,1045,3,0.8978451715881883,119500
0.001440472318790853,0.1309030654515327,1045,4,0.897047086991221,124500
0.0014420876977965236,0.1310116086235489,1044,4,0.8962490023942538,124400
0.0014663368929177523,0.13112033195020747,1043,4,0.8954509177972865,124300
0.0014707014197483659,0.13122923588039867,1042,4,0.8946528332003192,124200
0.001485343906097114,0.1313383208645054,1041,4,0.8938547486033519,124100
0.001492663868702948,0.1314475873544093,1040,4,0.8930566640063847,124000
0.0014966668095439672,0.1315570358034971,1039,4,0.8922585794094174,123900
0.0015053541865199804,0.13166666666666665,1038,4,0.8914604948124502,123800
0.001511840964667499,0.1317764804003336,1037,4,0.8906624102154829,123700
0.0015201523201540112,0.1318864774624374,1036,4,0.8898643256185156,123600
0.0015247479313984513,0.13199665831244778,1035,4,0.8890662410215483,123500
0.0015344716375693679,0.13210702341137123,1034,4,0.888268156424581,123400
0.0015483276220038533,0.1322175732217573,1033,4,0.8874700718276137,123300
0.0015576399164274335,0.1323283082077052,1032,4,0.8866719872306464,123200
0.0015759584493935108,0.13243922883487008,1031,4,0.8858739026336792,123100
0.0015909116482362151,0.1325503355704698,1030,4,0.8850758180367119,123000
0.0016157658537849784,0.13266162888329136,1029,4,0.8842777334397446,122900
0.001624340657144785,0.13277310924369748,1028,4,0.8834796488427773,122800
0.0016251892084255815,0.1328847771236333,1027,4,0.88268156424581,122700
0.0016276512760668993,0.132996632996633,1026,4,0.8818834796488427,122600
0.0016434774734079838,0.13310867733782644,1025,4,0.8810853950518756,122500
0.0016476615564897656,0.13322091062394603,1024,4,0.8802873104549083,122400
0.0016496117459610105,0.13333333333333333,1023,4,0.879489225857941,122300
0.0016587369609624147,0.13344594594594594,1022,4,0.8786911412609737,122200
0.0016701045678928494,0.13355874894336434,1021,4,0.8778930566640064,122100
0.0016761752776801586,0.13367174280879865,1020,4,0.8770949720670391,122000
0.0016827222425490618,0.13378492802709568,1019,4,0.8762968874700718,121900
0.0017156563699245453,0.13389830508474576,1018,4,0.8754988028731046,121800
0.0017178416019305587,0.13401187446988974,1017,4,0.8747007182761373,121700
0.0017203956376761198,0.13412563667232597,1016,4,0.87390263367917,121600
0.0017226425698027015,0.13254035683942225,1016,5,0.8731045490822027,126600
0.0017300895415246487,0.1326530612244898,1015,5,0.8723064644852354,126500
0.0017332062125205994,0.1327659574468085,1014,5,0.8715083798882681,126400
0.0017497203079983592,0.13287904599659284,1013,5,0.8707102952913008,126300
0.0017652668757364154,0.1329923273657289,1012,5,0.8699122106943336,126200
0.0017886856803670526,0.13310580204778158,1011,5,0.8691141260973663,126100
0.0017929264577105641,0.1332194705380017,1010,5,0.8683160415003991,126000
0.001832378562539816,0.13333333333333333,1009,5,0.8675179569034318,125900
0.001850697211921215,0.13344739093242086,1008,5,0.8667198723064645,125800
0.0018566364888101816,0.13356164383561644,1007,5,0.8659217877094972,125700
0.0018578493036329746,0.13367609254498714,1006,5,0.86512370311253,125600
0.0018598480382934213,0.13379073756432247,1005,5,0.8643256185155627,125500
0.0018761337269097567,0.13390557939914163,1004,5,0.8635275339185954,125400
0.0018775066128000617,0.13402061855670103,1003,5,0.8627294493216281,125300
0.0018776800716295838,0.13413585554600171,1002,5,0.8619313647246608,125200
0.0018798751989379525,0.1342512908777969,1001,5,0.8611332801276935,125100
0.0019014502177014947,0.1343669250645995,1000,5,0.8603351955307262,125000
0.0019048305694013834,0.13448275862068965,999,5,0.859537110933759,124900
0.0019225358264520764,0.13459879206212252,998,5,0.8587390263367917,124800
0.0019347334746271372,0.13471502590673576,997,5,0.8579409417398244,124700
0.0019492630381137133,0.1348314606741573,996,5,0.8571428571428571,124600
0.0019507413962855935,0.13494809688581316,995,5,0.8563447725458898,124500
0.0019558158237487078,0.13506493506493505,994,5,0.8555466879489226,124400
0.0019603315740823746,0.13518197573656845,993,5,0.8547486033519553,124300
0.0020003067329525948,0.13529921942758022,992,5,0.8539505187549881,124200
0.0020008599385619164,0.13541666666666666,991,5,0.8531524341580208,124100
0.0020201776642352343,0.1355343179843614,990,5,0.8523543495610535,124000
0.0020497015211731195,0.1356521739130435,989,5,0.8515562649640862,123900
0.0020514042116701603,0.13577023498694518,988,5,0.8507581803671189,123800
0.002055676653981209,0.13588850174216027,987,5,0.8499600957701516,123700
0.0020558566320687532,0.13600697471665213,986,5,0.8491620111731844,123600
0.0020603323355317116,0.13612565445026178,985,5,0.8483639265762171,123500
0.0020614098757505417,0.13624454148471615,984,5,0.8475658419792498,123400
0.0020665505435317755,0.13636363636363635,983,5,0.8467677573822825,123300
0.0020743494387716055,0.13648293963254593,982,5,0.8459696727853152,123200
0.0020749447867274284,0.13660245183887915,981,5,0.8451715881883479,123100
0.0020831760484725237,0.13672217353198948,980,5,0.8443735035913806,123000
0.002088423352688551,0.1368421052631579,979,5,0.8435754189944135,122900
0.002090824767947197,0.1369622475856014,978,5,0.8427773343974462,122800
0.002110001165419817,0.13708260105448156,977,5,0.8419792498004789,122700
0.0021236431784927845,0.13720316622691292,976,5,0.8411811652035116,122600
0.00212786509655416,0.13732394366197184,975,5,0.8403830806065443,122500
0.0021378074306994677,0.13744493392070484,974,5,0.839584996009577,122400
0.002138531766831875,0.13756613756613756,973,5,0.8387869114126097,122300
0.002139983233064413,0.13768755516328332,972,5,0.8379888268156425,122200
0.0021421227138489485,0.13780918727915195,971,5,0.8371907422186752,122100
0.002151623833924532,0.13793103448275862,970,5,0.8363926576217079,122000
0.002154139569029212,0.13805309734513274,969,5,0.8355945730247406,121900
0.002156530972570181,0.13817537643932684,968,5,0.8347964884277733,121800
0.002156774280592799,0.13829787234042554,967,5,0.833998403830806,121700
0.0021571272518485785,0.13842058562555457,966,5,0.8332003192338387,121600
0.0021597123704850674,0.13854351687388988,965,5,0.8324022346368715,121500
0.0021832191850990057,0.13866666666666666,964,5,0.8316041500399042,121400
0.002189905382692814,0.1387900355871886,963,5,0.830806065442937,121300
0.002189980586990714,0.13891362422083706,962,5,0.8300079808459697,121200
0.0021912436932325363,0.13903743315508021,961,5,0.8292098962490024,121100
0.0022164792753756046,0.1391614629794826,960,5,0.8284118116520351,121000
0.0022176343481987715,0.1392857142857143,959,5,0.8276137270550679,120900
0.002219335874542594,0.13941018766756033,958,5,0.8268156424581006,120800
0.0022197982762008905,0.13953488372093023,957,5,0.8260175578611333,120700
0.002220360329374671,0.1396598030438675,956,5,0.825219473264166,120600
0.0022278502583503723,0.13978494623655913,955,5,0.8244213886671987,120500
0.002255558269098401,0.13991031390134528,954,5,0.8236233040702314,120400
0.0022588034626096487,0.1400359066427289,953,5,0.8228252194732641,120300
0.00225906353443861,0.14016172506738545,952,5,0.8220271348762969,120200
0.002274327212944627,0.14028776978417265,951,5,0.8212290502793296,120100
0.0022803954780101776,0.1404140414041404,950,5,0.8204309656823623,120000
0.002307940972968936,0.14054054054054055,949,5,0.819632881085395,119900
0.002311409916728735,0.1406672678088368,948,5,0.8188347964884277,119800
0.00231768935918808,0.1407942238267148,947,5,0.8180367118914605,119700
0.0023203990422189236,0.14092140921409213,946,5,0.8172386272944933,119600
0.0023399321362376213,0.1410488245931284,945,5,0.816440542697526,119500
0.0023399489000439644,0.1411764705882353,944,5,0.8156424581005587,119400
0.0023482274264097214,0.14130434782608695,943,5,0.8148443735035914,119300
0.002358862664550543,0.1414324569356301,942,5,0.8140462889066241,119200
0.0023590477649122477,0.14156079854809436,941,5,0.8132482043096568,119100
0.0023655747063457966,0.14168937329700274,940,5,0.8124501197126895,119000
0.0023771373089402914,0.14181818181818182,939,5,0.8116520351157223,118900
0.002383881015703082,0.14194722474977253,938,5,0.810853950518755,118800
0.0024317095521837473,0.14207650273224043,937,5,0.8100558659217877,118700
0.002438140334561467,0.1422060164083865,936,5,0.8092577813248204,118600
0.0024409869220107794,0.14233576642335766,935,5,0.8084596967278531,118500
0.002447324339300394,0.14246575342465753,934,5,0.8076616121308858,118400
0.0024586350191384554,0.14076782449725778,934,6,0.8068635275339185,123400
0.002466097241267562,0.14089661482159194,933,6,0.8060654429369514,123300
0.002484970260411501,0.14102564102564102,932,6,0.8052673583399841,123200
0.0025032071862369776,0.14115490375802017,931,6,0.8044692737430168,123100
0.0025105762761086226,0.14128440366972478,930,6,0.8036711891460495,123000
0.0025138454511761665,0.1414141414141414,929,6,0.8028731045490822,122900
0.002519284375011921,0.14154411764705882,928,6,0.8020750199521149,122800
0.002522270893678069,0.14167433302667892,927,6,0.8012769353551477,122700
0.002528057899326086,0.141804788213628,926,6,0.8004788507581804,122600
0.0025447141379117966,0.14193548387096774,925,6,0.7996807661612131,122500
0.002564450493082404,0.14206642066420663,924,6,0.7988826815642458,122400
0.002585998270660639,0.14219759926131118,923,6,0.7980845969672785,122300
0.00260669132694602,0.1423290203327172,922,6,0.7972865123703112,122200
0.0026069865562021732,0.14061054579093432,922,7,0.7964884277733439,127200
0.002607023576274514,0.14074074074074075,921,7,0.7956903431763767,127100
0.0026153402868658304,0.14087117701575533,920,7,0.7948922585794094,127000
0.0026225096080452204,0.14100185528756956,919,7,0.7940941739824421,126900
0.002645805710926652,0.14113277623026926,918,7,0.7932960893854749,126800
0.002687486819922924,0.1412639405204461,917,7,0.7924980047885076,126700
0.0026943653356283903,0.1413953488372093,916,7,0.7916999201915403,126600
0.0027022219728678465,0.14152700186219738,915,7,0.790901835594573,126500
0.002731196815147996,0.14165890027958994,914,7,0.7901037509976058,126400
0.002737385919317603,0.1417910447761194,913,7,0.7893056664006385,126300
0.00273800827562809,0.1419234360410831,912,7,0.7885075818036712,126200
0.0027557280845940113,0.14205607476635515,911,7,0.7877094972067039,126100
0.0027732604648917913,0.1421889616463985,910,7,0.7869114126097366,126000
0.002776981797069311,0.14232209737827714,909,7,0.7861133280127693,125900
0.002784716198220849,0.14245548266166824,908,7,0.7853152434158021,125800
0.0027887551113963127,0.1425891181988743,907,7,0.7845171588188348,125700
0.002803567796945572,0.14272300469483568,906,7,0.7837190742218675,125600
0.002806236734613776,0.14285714285714285,905,7,0.7829209896249002,125500
0.0028143052477389574,0.14111006585136407,905,8,0.7821229050279329,130500
0.0028165983967483044,0.14124293785310735,904,8,0.7813248204309656,130400
0.00281918584369123,0.1413760603204524,903,8,0.7805267358339985,130300
0.0028381540905684233,0.14150943396226415,902,8,0.7797286512370312,130200
0.0028814617544412613,0.141643059490085,901,8,0.7789305666400639,130100
0.0028836203273385763,0.14177693761814744,900,8,0.7781324820430966,130000
0.002889615250751376,0.14191106906338694,899,8,0.7773343974461293,129900
0.0028949689585715532,0.14204545454545456,898,8,0.776536312849162,129800
0.0028981363866478205,0.14218009478672985,897,8,0.7757382282521947,129700
0.0029006204567849636,0.14231499051233396,896,8,0.7749401436552275,129600
0.0029275682754814625,0.14245014245014245,895,8,0.7741420590582602,129500
0.002935610478743911,0.14258555133079848,894,8,0.7733439744612929,129400
0.002943303668871522,0.142721217887726,893,8,0.7725458898643256,129300
0.0029819468036293983,0.14285714285714285,892,8,0.7717478052673583,129200
0.0029870718717575073,0.14299332697807435,891,8,0.770949720670391,129100
0.003009693929925561,0.1431297709923664,890,8,0.7701516360734237,129000
0.003021633019670844,0.14326647564469913,889,8,0.7693535514764565,128900
0.003025725483894348,0.14340344168260039,888,8,0.7685554668794893,128800
0.003027020487934351,0.14354066985645933,887,8,0.767757382282522,128700
0.003030066844075918,0.14367816091954022,886,8,0.7669592976855547,128600
0.0030421519186347723,0.14381591562799617,885,8,0.7661612130885874,128500
0.003061816794797778,0.14395393474088292,884,8,0.7653631284916201,128400
0.0030677085742354393,0.1440922190201729,883,8,0.7645650438946529,128300
0.0030909832566976547,0.14423076923076922,882,8,0.7637669592976856,128200
0.0030959551222622395,0.14436958614051973,881,8,0.7629688747007183,128100
0.0031113605946302414,0.14450867052023122,880,8,0.762170790103751,128000
0.00311430380679667,0.1446480231436837,879,8,0.7613727055067837,127900
0.0031166067346930504,0.14478764478764478,878,8,0.7605746209098164,127800
0.0031184887047857046,0.14492753623188406,877,8,0.7597765363128491,127700
0.0031226419378072023,0.1450676982591876,876,8,0.7589784517158819,127600
0.003132896265015006,0.1452081316553727,875,8,0.7581803671189146,127500
0.003181426553055644,0.14534883720930233,874,8,0.7573822825219473,127400
0.0032022809609770775,0.1454898157129001,873,8,0.75658419792498,127300
0.0032226606272161007,0.14563106796116504,872,8,0.7557861133280128,127200
0.0032317335717380047,0.1457725947521866,871,8,0.7549880287310455,127100
0.0032384758815169334,0.14591439688715954,870,8,0.7541899441340782,127000
0.003245886415243149,0.1460564751703992,869,8,0.753391859537111,126900
0.003259399440139532,0.14619883040935672,868,8,0.7525937749401437,126800
0.0032933924812823534,0.14634146341463414,867,8,0.7517956903431764,126700
0.003305163700133562,0.146484375,866,8,0.7509976057462091,126600
0.003306599799543619,0.1466275659824047,865,8,0.7501995211492418,126500
0.003329202299937606,0.14677103718199608,864,8,0.7494014365522745,126400
0.0033388198353350163,0.14691478942213515,863,8,0.7486033519553073,126300
0.0033473819494247437,0.14705882352941177,862,8,0.74780526735834,126200
0.0033796352799981833,0.14720314033366044,861,8,0.7470071827613727,126100
0.0033805493731051683,0.14734774066797643,860,8,0.7462090981644054,126000
0.0033814634662121534,0.14749262536873156,859,8,0.7454110135674381,125900
0.003387660952284932,0.14763779527559054,858,8,0.7446129289704708,125800
0.003390962490811944,0.1477832512315271,857,8,0.7438148443735035,125700
0.00340810464695096,0.14792899408284024,856,8,0.7430167597765364,125600
0.0034130788408219814,0.14807502467917077,855,8,0.7422186751795691,125500
0.0034353032242506742,0.1482213438735178,854,8,0.7414205905826018,125400
0.0034418143332004547,0.14836795252225518,853,8,0.7406225059856345,125300
0.003448939649388194,0.1485148514851485,852,8,0.7398244213886672,125200
0.003491985611617565,0.14866204162537167,851,8,0.7390263367916999,125100
0.003508826484903693,0.1488095238095238,850,8,0.7382282521947326,125000
0.003530968679115176,0.14895729890764647,849,8,0.7374301675977654,124900
0.0035309805534780025,0.14910536779324055,848,8,0.7366320830007981,124800
0.0035544775892049074,0.14925373134328357,847,8,0.7358339984038308,124700
0.0035825283266603947,0.14940239043824702,846,8,0.7350359138068635,124600
0.003600963857024908,0.14955134596211367,845,8,0.7342378292098962,124500
0.003605296602472663,0.1497005988023952,844,8,0.7334397446129289,124400
0.003626459976658225,0.14985014985014986,843,8,0.7326416600159616,124300
0.003643133444711566,0.15,842,8,0.7318435754189944,124200
0.0036481823772192,0.15015015015015015,841,8,0.7310454908220272,124100
0.0036597854923456907,0.15030060120240482,840,8,0.7302474062250599,124000
0.003660655114799738,0.15045135406218657,839,8,0.7294493216280926,123900
0.003677123226225376,0.15060240963855423,838,8,0.7286512370311253,123800
0.003702221205458045,0.1507537688442211,837,8,0.727853152434158,123700
0.0037036053836345673,0.15090543259557343,836,8,0.7270550678371908,123600
0.0037239016965031624,0.1510574018126888,835,8,0.7262569832402235,123500
0.0037299268878996372,0.15120967741935484,834,8,0.7254588986432562,123400
0.0037705814465880394,0.15136226034308778,833,8,0.7246608140462889,123300
0.0037743952125310898,0.15151515151515152,832,8,0.7238627294493216,123200
0.003790948074311018,0.15166835187057634,831,8,0.7230646448523543,123100
0.0038005909882485867,0.15182186234817813,830,8,0.722266560255387,123000
0.003803021740168333,0.1519756838905775,829,8,0.7214684756584198,122900
0.0038047037087380886,0.15212981744421908,828,8,0.7206703910614525,122800
0.003819924546405673,0.15228426395939088,827,8,0.7198723064644852,122700
0.003827320644631982,0.1524390243902439,826,8,0.7190742218675179,122600
0.003841235302388668,0.1525940996948118,825,8,0.7182761372705507,122500
0.0038440260104835033,0.15274949083503056,824,8,0.7174780526735834,122400
0.0038653165102005005,0.1529051987767584,823,8,0.7166799680766162,122300
0.003869858104735613,0.1510204081632653,823,9,0.7158818834796489,127300
0.003911652602255344,0.1511746680286006,822,9,0.7150837988826816,127200
0.0039132749661803246,0.1492842535787321,822,10,0.7142857142857143,132200
0.003925099037587643,0.14943705220061412,821,10,0.713487629688747,132100
0.00393114797770977,0.14959016393442623,820,10,0.7126895450917797,132000
0.0039317733608186245,0.14974358974358976,819,10,0.7118914604948124,131900
0.003955715335905552,0.14989733059548255,818,10,0.7110933758978452,131800
0.003966403193771839,0.1500513874614594,817,10,0.7102952913008779,131700
0.003969806712120771,0.15020576131687244,816,10,0.7094972067039106,131600
0.003995557781308889,0.15036045314109167,815,10,0.7086991221069433,131500
0.00399762112647295,0.15051546391752577,814,10,0.707901037509976,131400
0.004002800211310387,0.15067079463364294,813,10,0.7071029529130087,131300
0.004005749244242907,0.15082644628099173,812,10,0.7063048683160414,131200
0.0040169511921703815,0.14891416752843847,812,11,0.7055067837190743,136200
0.00404413091018796,0.14906832298136646,811,11,0.704708699122107,136100
0.004045600071549416,0.14922279792746113,810,11,0.7039106145251397,136000
0.004091278184205294,0.14937759336099585,809,11,0.7031125299281724,135900
0.004100718069821596,0.14953271028037382,808,11,0.7023144453312051,135800
0.0041193473152816296,0.1496881496881497,807,11,0.7015163607342378,135700
0.004124941769987345,0.14984391259105098,806,11,0.7007182761372706,135600
0.004143968224525452,0.15,805,11,0.6999201915403033,135500
0.004158847499638796,0.1480709071949948,805,12,0.699122106943336,140500
0.004162508994340897,0.14822546972860126,804,12,0.6983240223463687,140400
0.004180546384304762,0.148380355276907,803,12,0.6975259377494014,140300
0.004185647238045931,0.14853556485355648,802,12,0.6967278531524341,140200
0.004201543517410755,0.1486910994764398,801,12,0.6959297685554668,140100
0.004201631527394056,0.1488469601677149,800,12,0.6951316839584996,140000
0.00420550350099802,0.14900314795383002,799,12,0.6943335993615323,139900
0.004227885976433754,0.14915966386554622,798,12,0.6935355147645651,139800
0.004236382432281971,0.14931650893796003,797,12,0.6927374301675978,139700
0.004243037197738886,0.14947368421052631,796,12,0.6919393455706305,139600
0.004261313006281853,0.14963119072708114,795,12,0.6911412609736632,139500
0.004269756842404604,0.14978902953586498,794,12,0.690343176376696,139400
0.00428842194378376,0.14994720168954592,793,12,0.6895450917797287,139300
0.004295500926673412,0.15010570824524314,792,12,0.6887470071827614,139200
0.00430572684854269,0.15026455026455027,791,12,0.6879489225857941,139100
0.004310858901590109,0.1504237288135593,790,12,0.6871508379888268,139000
0.004322672262787819,0.15058324496288442,789,12,0.6863527533918595,138900
0.004350935574620962,0.15074309978768577,788,12,0.6855546687948922,138800
0.004414747003465891,0.15090329436769395,787,12,0.684756584197925,138700
0.0044497353956103325,0.15106382978723404,786,12,0.6839584996009577,138600
0.004463656805455685,0.15122470713525027,785,12,0.6831604150039904,138500
0.004465844016522169,0.1513859275053305,784,12,0.6823623304070231,138400
0.004486322868615389,0.15154749199573106,783,12,0.6815642458100558,138300
0.004492057021707296,0.1517094017094017,782,12,0.6807661612130886,138200
0.0045009152963757515,0.1518716577540107,781,12,0.6799680766161214,138100
0.004506188910454512,0.15203426124197003,780,12,0.6791699920191541,138000
0.004507320933043957,0.15219721329046088,779,12,0.6783719074221868,137900
0.004511017352342606,0.15236051502145923,778,12,0.6775738228252195,137800
0.004529672209173441,0.15252416756176154,777,12,0.6767757382282522,137700
0.004533692728728056,0.15268817204301074,776,12,0.6759776536312849,137600
0.004538608714938164,0.15285252960172227,775,12,0.6751795690343176,137500
0.004619244020432234,0.15301724137931033,774,12,0.6743814844373504,137400
0.004626524168998003,0.15318230852211434,773,12,0.6735833998403831,137300
0.004631862975656986,0.15334773218142547,772,12,0.6727853152434158,137200
0.004636845551431179,0.1535135135135135,771,12,0.6719872306464485,137100
0.004658449441194534,0.15367965367965367,770,12,0.6711891460494812,137000
0.004678117576986551,0.15384615384615385,769,12,0.6703910614525139,136900
0.004693375434726477,0.1540130151843818,768,12,0.6695929768555466,136800
0.004700297024101019,0.15418023887079263,767,12,0.6687948922585794,136700
0.004701649304479361,0.15434782608695652,766,12,0.6679968076616122,136600
0.004720714408904314,0.15451577801958652,765,12,0.6671987230646449,136500
0.004730867221951485,0.15468409586056645,764,12,0.6664006384676776,136400
0.004766055382788181,0.15485278080697928,763,12,0.6656025538707103,136300
0.004787061829119921,0.15502183406113537,762,12,0.664804469273743,136200
0.004790129140019417,0.1551912568306011,761,12,0.6640063846767758,136100
0.0048300838097929955,0.15536105032822758,760,12,0.6632083000798085,136000
0.004833208862692118,0.15553121577217963,759,12,0.6624102154828412,135900
0.004880801774561405,0.15570175438596492,758,12,0.6616121308858739,135800
0.004892313852906227,0.15587266739846323,757,12,0.6608140462889066,135700
0.0048923189751803875,0.15604395604395604,756,12,0.6600159616919393,135600
0.004903041757643223,0.1562156215621562,755,12,0.659217877094972,135500
0.004908418282866478,0.15638766519823788,754,12,0.6584197924980048,135400
0.004916135687381029,0.1543550165380375,754,13,0.6576217079010375,140400
0.004931815434247255,0.1545253863134658,753,13,0.6568236233040702,140300
0.0049335588701069355,0.15469613259668508,752,13,0.656025538707103,140200
0.004950954113155603,0.15486725663716813,751,13,0.6552274541101357,140100
0.004964538849890232,0.15503875968992248,750,13,0.6544293695131684,140000
0.004993877839297056,0.15521064301552107,749,13,0.6536312849162011,139900
0.005026854109019041,0.15538290788013318,748,13,0.6528332003192339,139800
0.005028638057410717,0.15555555555555556,747,13,0.6520351157222666,139700
0.0050614988431334496,0.1557285873192436,746,13,0.6512370311252993,139600
0.005090598948299885,0.155902004454343,745,13,0.650438946528332,139500
0.005151151679456234,0.15607580824972128,744,13,0.6496408619313647,139400
0.005152581259608269,0.15625,743,13,0.6488427773343974,139300
0.0051625980995595455,0.1564245810055866,742,13,0.6480446927374302,139200
0.005170062649995089,0.15436241610738255,742,14,0.6472466081404629,144200
0.005174099002033472,0.15453527435610304,741,14,0.6464485235434956,144100
0.005184572655707598,0.1547085201793722,740,14,0.6456504389465283,144000
0.005185647401958704,0.15488215488215487,739,14,0.644852354349561,143900
0.005192416720092297,0.1550561797752809,738,14,0.6440542697525937,143800
0.005192796234041452,0.15523059617547807,737,14,0.6432561851556265,143700
0.005199919454753399,0.1554054054054054,736,14,0.6424581005586593,143600
0.005237219389528036,0.1555806087936866,735,14,0.641660015961692,143500
0.005268101114779711,0.15575620767494355,734,14,0.6408619313647247,143400
0.005337696056813002,0.1536723163841808,734,15,0.6400638467677574,148400
0.0053636725060641766,0.15384615384615385,733,15,0.6392657621707901,148300
0.005382310599088669,0.15402038505096263,732,15,0.6384676775738228,148200
0.005398239474743605,0.15419501133786848,731,15,0.6376695929768555,148100
0.005399724934250116,0.1543700340522134,730,15,0.6368715083798883,148000
0.00540247093886137,0.15454545454545454,729,15,0.636073423782921,147900
0.0054083773866295815,0.1547212741751991,728,15,0.6352753391859537,147800
0.005415050312876701,0.1548974943052392,727,15,0.6344772545889864,147700
0.005460312590003014,0.15507411630558723,726,15,0.6336791699920191,147600
0.005479932297021151,0.1552511415525114,725,15,0.6328810853950518,147500
0.0054838708601891994,0.15542857142857142,724,15,0.6320830007980845,147400
0.005484629888087511,0.15560640732265446,723,15,0.6312849162011173,147300
0.005494787823408842,0.15578465063001146,722,15,0.6304868316041501,147200
0.0055139027535915375,0.1559633027522936,721,15,0.6296887470071828,147100
0.005517004523426294,0.15614236509758897,720,15,0.6288906624102155,147000
0.005519341677427292,0.15632183908045977,719,15,0.6280925778132482,146900
0.005529602523893118,0.1565017261219793,718,15,0.627294493216281,146800
0.005591033026576042,0.15668202764976957,717,15,0.6264964086193137,146700
0.005598033778369427,0.1568627450980392,716,15,0.6256983240223464,146600
0.005622318014502525,0.15473441108545036,716,16,0.6249002394253791,151600
0.005627169273793697,0.15491329479768787,715,16,0.6241021548284118,151500
0.005633857101202011,0.1550925925925926,714,16,0.6233040702314445,151400
0.005645978730171919,0.1552723059096176,713,16,0.6225059856344772,151300
0.005681067239493132,0.1554524361948956,712,16,0.62170790103751,151200
0.005688725039362907,0.15563298490127758,711,16,0.6209098164405427,151100
0.005711536854505539,0.1558139534883721,710,16,0.6201117318435754,151000
0.005719986278563738,0.1559953434225844,709,16,0.6193136472466081,150900
0.0058190105482935905,0.1561771561771562,708,16,0.6185155626496409,150800
0.005823343060910702,0.15635939323220538,707,16,0.6177174780526736,150700
0.005827684421092272,0.15654205607476634,706,16,0.6169193934557063,150600
0.005860707722604275,0.1543859649122807,706,17,0.6161213088587391,155600
0.005868520122021437,0.15456674473067916,705,17,0.6153232242617718,155500
0.005915376823395491,0.15474794841735054,704,17,0.6145251396648045,155400
0.0059438603930175304,0.15492957746478872,703,17,0.6137270550678372,155300
0.005949001759290695,0.15511163337250294,702,17,0.6129289704708699,155200
0.006021886132657528,0.15529411764705883,701,17,0.6121308858739026,155100
0.006037077866494656,0.15547703180212014,700,17,0.6113328012769353,155000
0.006040195003151894,0.15566037735849056,699,17,0.6105347166799681,154900
0.0060651954263448715,0.15584415584415584,698,17,0.6097366320830008,154800
0.006072239018976688,0.15602836879432624,697,17,0.6089385474860335,154700
0.006073416210711002,0.15621301775147928,696,17,0.6081404628890662,154600
0.006089426577091217,0.15639810426540285,695,17,0.6073423782920989,154500
0.006103153806179762,0.15658362989323843,694,17,0.6065442936951316,154400
0.0061114197596907616,0.15676959619952494,693,17,0.6057462090981645,154300
0.006143377162516117,0.15695600475624258,692,17,0.6049481245011972,154200
0.006157536990940571,0.15714285714285714,691,17,0.6041500399042299,154100
0.006181077565997839,0.1573301549463647,690,17,0.6033519553072626,154000
0.0061946953646838665,0.1575178997613365,689,17,0.6025538707102953,153900
0.0062032174319028854,0.15770609318996415,688,17,0.601755786113328,153800
0.00621643615886569,0.15789473684210525,687,17,0.6009577015163607,153700
0.006240363232791424,0.15808383233532936,686,17,0.6001596169193935,153600
0.006264213006943464,0.15827338129496402,685,17,0.5993615323224262,153500
0.006297993008047342,0.15846338535414164,684,17,0.5985634477254589,153400
0.006322448141872883,0.15865384615384615,683,17,0.5977653631284916,153300
0.0063384356908500195,0.1588447653429603,682,17,0.5969672785315243,153200
0.006357131060212851,0.15903614457831325,681,17,0.596169193934557,153100
0.006364170461893082,0.15922798552472858,680,17,0.5953711093375897,153000
0.006386934779584408,0.1570048309178744,680,18,0.5945730247406225,158000
0.006387325003743172,0.15719467956469166,679,18,0.5937749401436552,157900
0.006415795534849167,0.15738498789346247,678,18,0.592976855546688,157800
0.006424860097467899,0.15757575757575756,677,18,0.5921787709497207,157700
0.006452897563576698,0.15776699029126215,676,18,0.5913806863527534,157600
0.006475985981523991,0.15795868772782504,675,18,0.5905826017557861,157500
0.006539813242852688,0.15815085158150852,674,18,0.5897845171588189,157400
0.006555967498570681,0.15834348355663824,673,18,0.5889864325618516,157300
0.006562227848917246,0.15853658536585366,672,18,0.5881883479648843,157200
0.006564501207321882,0.15873015873015872,671,18,0.587390263367917,157100
0.006626774091273546,0.15892420537897312,670,18,0.5865921787709497,157000
0.0066421665251255035,0.1591187270501836,669,18,0.5857940941739824,156900
0.006660038605332375,0.15931372549019607,668,18,0.5849960095770151,156800
0.006724237464368343,0.15950920245398773,667,18,0.5841979249800479,156700
0.006747731007635593,0.1597051597051597,666,18,0.5833998403830806,156600
0.0067708310671150684,0.15990159901599016,665,18,0.5826017557861133,156500
0.006775685120373964,0.16009852216748768,664,18,0.581803671189146,156400
0.006782764568924904,0.16029593094944514,663,18,0.5810055865921788,156300
0.006803969852626324,0.16049382716049382,662,18,0.5802075019952115,156200
0.0068048047833144665,0.15822002472187885,662,19,0.5794094173982443,161200
0.006819473579525948,0.15841584158415842,661,19,0.578611332801277,161100
0.00687792245298624,0.15861214374225527,660,19,0.5778132482043097,161000
0.006897916551679373,0.1588089330024814,659,19,0.5770151636073424,160900
0.006919141858816147,0.15900621118012423,658,19,0.5762170790103751,160800
0.006961118429899216,0.15920398009950248,657,19,0.5754189944134078,160700
0.006961181294173002,0.15940224159402241,656,19,0.5746209098164405,160600
0.007007609587162733,0.1596009975062344,655,19,0.5738228252194733,160500
0.007027679588645697,0.15980024968789014,654,19,0.573024740622506,160400
0.007029982749372721,0.16,653,19,0.5722266560255387,160300
0.007063728291541338,0.16020025031289112,652,19,0.5714285714285714,160200
0.007123954594135284,0.15789473684210525,652,20,0.5706304868316041,165200
0.00715772807598114,0.15809284818067754,651,20,0.5698324022346368,165100
0.0072039645165205,0.15829145728643215,650,20,0.5690343176376695,165000
0.007229159120470285,0.15849056603773584,649,20,0.5682362330407024,164900
0.007231329567730427,0.15869017632241814,648,20,0.5674381484437351,164800
0.00726405018940568,0.15889029003783103,647,20,0.5666400638467678,164700
0.007401276379823685,0.1590909090909091,646,20,0.5658419792498005,164600
0.00745736388489604,0.1592920353982301,645,20,0.5650438946528332,164500
0.007500266190618277,0.15949367088607594,644,20,0.5642458100558659,164400
0.007524384651333094,0.1596958174904943,643,20,0.5634477254588987,164300
0.0075674401596188545,0.1598984771573604,642,20,0.5626496408619314,164200
0.007611839100718498,0.16010165184243966,641,20,0.5618515562649641,164100
0.007628328632563353,0.16030534351145037,640,20,0.5610534716679968,164000
0.007690758444368839,0.16050955414012738,639,20,0.5602553870710295,163900
0.007716960273683071,0.16071428571428573,638,20,0.5594573024740622,163800
0.0077606202103197575,0.16091954022988506,637,20,0.5586592178770949,163700
0.007767633069306612,0.16112531969309463,636,20,0.5578611332801277,163600
0.007771938573569059,0.1613316261203585,635,20,0.5570630486831604,163500
0.007799841463565826,0.16153846153846155,634,20,0.5562649640861931,163400
0.007880332879722118,0.16174582798459564,633,20,0.5554668794892259,163300
0.00788331963121891,0.16195372750642673,632,20,0.5546687948922586,163200
0.007884158752858639,0.16216216216216217,631,20,0.5538707102952913,163100
0.007892947643995285,0.16237113402061856,630,20,0.553072625698324,163000
0.007898639887571335,0.1625806451612903,629,20,0.5522745411013568,162900
0.00791243277490139,0.16279069767441862,628,20,0.5514764565043895,162800
0.007940569892525673,0.16041397153945666,628,21,0.5506783719074222,167800
0.00797116756439209,0.16062176165803108,627,21,0.5498802873104549,167700
0.007990009151399136,0.1608300907911803,626,21,0.5490822027134876,167600
0.007994825951755047,0.16103896103896104,625,21,0.5482841181165203,167500
0.008009973913431168,0.16124837451235371,624,21,0.547486033519553,167400
0.008018780499696732,0.16145833333333334,623,21,0.5466879489225858,167300
0.008050933480262756,0.16166883963494133,622,21,0.5458898643256185,167200
0.008092842064797878,0.1618798955613577,621,21,0.5450917797286512,167100
0.008122853003442287,0.16209150326797386,620,21,0.5442936951316839,167000
0.008124570362269878,0.16230366492146597,619,21,0.5434956105347167,166900
0.008177461102604866,0.16251638269986893,618,21,0.5426975259377494,166800
0.008180474862456322,0.16272965879265092,617,21,0.5418994413407822,166700
0.00818498246371746,0.16294349540078842,616,21,0.5411013567438149,166600
0.008218768052756786,0.1631578947368421,615,21,0.5403032721468476,166500
0.008242491632699966,0.16337285902503293,614,21,0.5395051875498803,166400
0.008296756073832512,0.16358839050131926,613,21,0.538707102952913,166300
0.008304625749588013,0.16380449141347425,612,21,0.5379090183559457,166200
0.008356943726539612,0.164021164021164,611,21,0.5371109337589784,166100
0.008444712497293949,0.16423841059602648,610,21,0.5363128491620112,166000
0.008446133695542812,0.16445623342175067,609,21,0.5355147645650439,165900
0.00848846510052681,0.1646746347941567,608,21,0.5347166799680766,165800
0.008499645628035069,0.16489361702127658,607,21,0.5339185953711093,165700
0.008501228876411915,0.16511318242343542,606,21,0.533120510774142,165600
0.008510217070579529,0.16533333333333333,605,21,0.5323224261771747,165500
0.008534637279808521,0.16555407209612816,604,21,0.5315243415802074,165400
0.008545574732124805,0.1657754010695187,603,21,0.5307262569832403,165300
0.008618900552392006,0.16599732262382866,602,21,0.529928172386273,165200
0.008639317005872726,0.16621983914209115,601,21,0.5291300877893057,165100
0.008642032742500305,0.16644295302013423,600,21,0.5283320031923384,165000
0.008690109476447105,0.16666666666666666,599,21,0.5275339185953711,164900
0.008731943555176258,0.16689098250336473,598,21,0.5267358339984038,164800
0.00874357856810093,0.16711590296495957,597,21,0.5259377494014366,164700
0.00874751340597868,0.16734143049932523,596,21,0.5251396648044693,164600
0.008771519176661968,0.16756756756756758,595,21,0.524341580207502,164500
0.008782354183495045,0.16779431664411368,594,21,0.5235434956105347,164400
0.008791216649115086,0.16802168021680217,593,21,0.5227454110135674,164300
0.008797588758170605,0.1655359565807327,593,22,0.5219473264166001,169300
0.008826063945889473,0.16576086956521738,592,22,0.5211492418196328,169200
0.008845402859151363,0.16598639455782313,591,22,0.5203511572226656,169100
0.008879434317350388,0.16621253405994552,590,22,0.5195530726256983,169000
0.008908722549676895,0.1664392905866303,589,22,0.518754988028731,168900
0.008959027007222176,0.16666666666666666,588,22,0.5179569034317638,168800
0.008981688879430294,0.16689466484268126,587,22,0.5171588188347965,168700
0.008993687108159065,0.16712328767123288,586,22,0.5163607342378292,168600
0.009036802686750889,0.1673525377229081,585,22,0.515562649640862,168500
0.009056894108653069,0.16758241758241757,584,22,0.5147645650438947,168400
0.009072198532521725,0.16781292984869325,583,22,0.5139664804469274,168300
0.009075225330889225,0.16804407713498623,582,22,0.5131683958499601,168200
0.0090798269957304,0.16827586206896553,581,22,0.5123703112529928,168100
0.009092848747968674,0.1685082872928177,580,22,0.5115722266560255,168000
0.009106539189815521,0.16874135546334718,579,22,0.5107741420590582,167900
0.009170389734208584,0.16897506925207756,578,22,0.509976057462091,167800
0.009200429543852806,0.16920943134535368,577,22,0.5091779728651237,167700
0.009208347648382187,0.16944444444444445,576,22,0.5083798882681564,167600
0.009255696088075638,0.16968011126564672,575,22,0.5075818036711891,167500
0.009353318251669407,0.16991643454038996,574,22,0.5067837190742218,167400
0.009406997822225094,0.1701534170153417,573,22,0.5059856344772546,167300
0.009429797530174255,0.17039106145251395,572,22,0.5051875498802874,167200
0.009444177150726318,0.17062937062937064,571,22,0.5043894652833201,167100
0.009455871768295765,0.17086834733893558,570,22,0.5035913806863528,167000
0.009469293057918549,0.17110799438990182,569,22,0.5027932960893855,166900
0.009481081739068031,0.17134831460674158,568,22,0.5019952114924182,166800
0.009487227536737919,0.17158931082981715,567,22,0.5011971268954509,166700
0.009498517960309982,0.17183098591549295,566,22,0.5003990422984836,166600
0.009580121375620365,0.17207334273624825,565,22,0.49960095770151636,166500
0.009595951996743679,0.17231638418079095,564,22,0.49880287310454907,166400
0.009664647281169891,0.17256011315417255,563,22,0.4980047885075818,166300
0.009677420370280743,0.17280453257790368,562,22,0.4972067039106145,166200
0.009762076660990715,0.17304964539007092,561,22,0.49640861931364727,166100
0.009846177883446217,0.17329545454545456,560,22,0.49561053471668,166000
0.009870088659226894,0.17354196301564723,559,22,0.4948124501197127,165900
0.00987331848591566,0.1737891737891738,558,22,0.4940143655227454,165800
0.009890944696962833,0.17403708987161198,557,22,0.4932162809257781,165700
0.009909603744745255,0.1742857142857143,556,22,0.49241819632881084,165600
0.009921095333993435,0.17453505007153075,555,22,0.49162011173184356,165500
0.010031203739345074,0.17478510028653296,554,22,0.49082202713487627,165400
0.010087743401527405,0.1750358680057389,553,22,0.49002394253790904,165300
0.010101648047566414,0.1752873563218391,552,22,0.48922585794094176,165200
0.010158704593777657,0.17553956834532375,551,22,0.48842777334397447,165100
0.010196424089372158,0.17579250720461095,550,22,0.4876296887470072,165000
0.010238299146294594,0.17604617604617603,549,22,0.4868316041500399,164900
0.010239705443382263,0.17341040462427745,549,23,0.4860335195530726,169900
0.010294372215867043,0.1736613603473227,548,23,0.4852354349561053,169800
0.010306242853403091,0.17391304347826086,547,23,0.48443735035913804,169700
0.010359114035964012,0.17126269956458637,547,24,0.4836392657621708,174700
0.010360042564570904,0.17151162790697674,546,24,0.4828411811652035,174600
0.010364663787186146,0.1717612809315866,545,24,0.48204309656823624,174500
0.01042832713574171,0.17201166180758018,544,24,0.48124501197126895,174400
0.010431029833853245,0.17226277372262774,543,24,0.48044692737430167,174300
0.010446279309689999,0.17251461988304093,542,24,0.4796488427773344,174200
0.010447806678712368,0.17276720351390923,541,24,0.4788507581803671,174100
0.01048033032566309,0.17302052785923755,540,24,0.47805267358339987,174000
0.01051243208348751,0.17327459618208516,539,24,0.4772545889864326,173900
0.010514634661376476,0.17352941176470588,538,24,0.4764565043894653,173800
0.010522992350161076,0.17378497790868924,537,24,0.475658419792498,173700
0.010547368787229061,0.17404129793510326,536,24,0.4748603351955307,173600
0.010572992265224457,0.17429837518463812,535,24,0.47406225059856344,173500
0.01058968622237444,0.17455621301775148,534,24,0.47326416600159615,173400
0.010616417974233627,0.1748148148148148,533,24,0.47246608140462887,173300
0.010623658075928688,0.17507418397626112,532,24,0.47166799680766164,173200
0.010707068257033825,0.17533432392273401,531,24,0.47086991221069435,173100
0.010714035481214523,0.17559523809523808,530,24,0.47007182761372707,173000
0.010752596892416477,0.17287630402384502,530,25,0.4692737430167598,178000
0.010785630904138088,0.17313432835820897,529,25,0.4684756584197925,177900
0.01079076062887907,0.17339312406576982,528,25,0.4676775738228252,177800
0.010841680690646172,0.17365269461077845,527,25,0.4668794892258579,177700
0.010939148254692554,0.17391304347826086,526,25,0.46608140462889064,177600
0.011085920967161655,0.17417417417417416,525,25,0.4652833200319234,177500
0.011102525517344475,0.17443609022556392,524,25,0.4644852354349561,177400
0.011186229065060616,0.1716867469879518,524,26,0.46368715083798884,182400
0.011210528202354908,0.17194570135746606,523,26,0.46288906624102155,182300
0.011219712905585766,0.17220543806646527,522,26,0.46209098164405427,182200
0.011245319619774818,0.17246596066565809,521,26,0.461292897047087,182100
0.01136576384305954,0.17272727272727273,520,26,0.4604948124501197,182000
0.011377659626305103,0.17298937784522003,519,26,0.4596967278531524,181900
0.011380943469703197,0.17325227963525835,518,26,0.4588986432561852,181800
0.011385277844965458,0.1735159817351598,517,26,0.4581005586592179,181700
0.011396092362701893,0.17378048780487804,516,26,0.4573024740622506,181600
0.011401084251701832,0.17099236641221374,516,27,0.4565043894652833,186600
0.011518345214426517,0.1712538226299694,515,27,0.45570630486831604,186500
0.011541458778083324,0.17151607963246554,514,27,0.45490822027134875,186400
0.011575081385672092,0.17177914110429449,513,27,0.45411013567438147,186300
0.011672110296785831,0.17204301075268819,512,27,0.4533120510774142,186200
0.011731768026947975,0.1723076923076923,511,27,0.45251396648044695,186100
0.011758045293390751,0.17257318952234207,510,27,0.45171588188347966,186000
0.011774268932640553,0.1728395061728395,509,27,0.4509177972865124,185900
0.011851026676595211,0.1731066460587326,508,27,0.4501197126895451,185800
0.011893702670931816,0.17337461300309598,507,27,0.4493216280925778,185700
0.01189454272389412,0.17364341085271318,506,27,0.4485235434956105,185600
0.011904528364539146,0.17391304347826086,505,27,0.44772545889864324,185500
0.011942965909838676,0.17418351477449456,504,27,0.44692737430167595,185400
0.012048646807670593,0.17445482866043613,503,27,0.4461292897047087,185300
0.01207341905683279,0.17160686427457097,503,28,0.44533120510774143,190300
0.012094954960048199,0.171875,502,28,0.44453312051077415,190200
0.012099109590053558,0.17214397496087636,501,28,0.44373503591380686,190100
0.012209484353661537,0.1724137931034483,500,28,0.4429369513168396,190000
0.012241332791745663,0.1726844583987441,499,28,0.4421388667198723,189900
0.012295191176235676,0.17295597484276728,498,28,0.441340782122905,189800
0.012322251684963703,0.1732283464566929,497,28,0.4405426975259378,189700
0.012413042597472668,0.17350157728706625,496,28,0.4397446129289705,189600
0.012455576099455357,0.17377567140600317,495,28,0.4389465283320032,189500
0.012487264350056648,0.17405063291139242,494,28,0.4381484437350359,189400
0.012579172849655151,0.17432646592709986,493,28,0.43735035913806863,189300
0.012604637071490288,0.1746031746031746,492,28,0.43655227454110135,189200
0.012642627581954002,0.17170111287758347,492,29,0.43575418994413406,194200
0.012654228135943413,0.17197452229299362,491,29,0.4349561053471668,194100
0.01268489845097065,0.1722488038277512,490,29,0.43415802075019955,194000
0.01269810926169157,0.17252396166134185,489,29,0.43335993615323226,193900
0.01271448191255331,0.1728,488,29,0.432561851556265,193800
0.012765659019351006,0.17307692307692307,487,29,0.4317637669592977,193700
0.012833821587264538,0.17335473515248795,486,29,0.4309656823623304,193600
0.012842651456594467,0.17363344051446947,485,29,0.4301675977653631,193500
0.012850367464125156,0.17391304347826086,484,29,0.42936951316839583,193400
0.012852436862885952,0.17419354838709677,483,29,0.42857142857142855,193300
0.012867853976786137,0.17447495961227788,482,29,0.4277733439744613,193200
0.012917231768369675,0.17475728155339806,481,29,0.42697525937749403,193100
0.012947313487529755,0.17504051863857376,480,29,0.42617717478052675,193000
0.012966083362698555,0.17532467532467533,479,29,0.42537909018355946,192900
0.012966223061084747,0.17560975609756097,478,29,0.4245810055865922,192800
0.01298862136900425,0.1758957654723127,477,29,0.4237829209896249,192700
0.013047111220657825,0.1761827079934747,476,29,0.4229848363926576,192600
0.013055212795734406,0.17647058823529413,475,29,0.4221867517956903,192500
0.01314500905573368,0.176759410801964,474,29,0.4213886671987231,192400
0.013292661868035793,0.17704918032786884,473,29,0.4205905826017558,192300
0.013413196429610252,0.17405582922824303,473,30,0.4197924980047885,197300
0.013482862152159214,0.17434210526315788,472,30,0.41899441340782123,197200
0.01355304941534996,0.17462932454695224,471,30,0.41819632881085395,197100
0.013567132875323296,0.17491749174917492,470,30,0.41739824421388666,197000
0.013584845699369907,0.17520661157024794,469,30,0.4166001596169194,196900
0.013623340986669064,0.17218543046357615,469,31,0.4158020750199521,201900
0.013652417808771133,0.1724709784411277,468,31,0.41500399042298486,201800
0.013710747472941875,0.17275747508305647,467,31,0.4142059058260176,201700
0.013800354674458504,0.17304492512479203,466,31,0.4134078212290503,201600
0.013928616419434547,0.17333333333333334,465,31,0.412609736632083,201500
0.013958360999822617,0.17362270450751252,464,31,0.4118116520351157,201400
0.013983027078211308,0.17391304347826086,463,31,0.41101356743814843,201300
0.014009499922394753,0.17420435510887772,462,31,0.41021548284118114,201200
0.014050686731934547,0.174496644295302,461,31,0.40941739824421386,201100
0.014166397042572498,0.17478991596638654,460,31,0.40861931364724663,201000
0.014171946793794632,0.1750841750841751,459,31,0.40782122905027934,200900
0.014236444607377052,0.17537942664418213,458,31,0.40702314445331206,200800
0.014276335947215557,0.17567567567567569,457,31,0.4062250598563448,200700
0.014471609145402908,0.17597292724196278,456,31,0.4054269752593775,200600
0.014512518420815468,0.17627118644067796,455,31,0.4046288906624102,200500
0.014547393657267094,0.1765704584040747,454,31,0.4038308060654429,200400
0.014559047296643257,0.17687074829931973,453,31,0.4030327214684757,200300
0.014579693786799908,0.17717206132879046,452,31,0.4022346368715084,200200
0.01458151638507843,0.17747440273037543,451,31,0.4014365522745411,200100
0.014598442241549492,0.17777777777777778,450,31,0.40063846767757383,200000
0.014651603996753693,0.1780821917808219,449,31,0.39984038308060654,199900
0.014682752080261707,0.1783876500857633,448,31,0.39904229848363926,199800
0.01483591366559267,0.17869415807560138,447,31,0.39824421388667197,199700
0.014915097504854202,0.17900172117039587,446,31,0.3974461292897047,199600
0.014929256401956081,0.1793103448275862,445,31,0.39664804469273746,199500
0.014990909956395626,0.17962003454231434,444,31,0.39584996009577017,199400
0.015078440308570862,0.17993079584775087,443,31,0.3950518754988029,199300
0.01508333534002304,0.18024263431542462,442,31,0.3942537909018356,199200
0.01512984000146389,0.18055555555555555,441,31,0.3934557063048683,199100
0.015248972922563553,0.1808695652173913,440,31,0.39265762170790103,199000
0.015291068702936172,0.18118466898954705,439,31,0.39185953711093374,198900
0.015397462993860245,0.18150087260034903,438,31,0.39106145251396646,198800
0.015432999469339848,0.18181818181818182,437,31,0.3902633679169992,198700
0.015473312698304653,0.18213660245183888,436,31,0.38946528332003194,198600
0.015492158941924572,0.1824561403508772,435,31,0.38866719872306466,198500
0.015542284585535526,0.1827768014059754,434,31,0.38786911412609737,198400
0.015547852031886578,0.18309859154929578,433,31,0.3870710295291301,198300
0.01561560295522213,0.18342151675485008,432,31,0.3862729449321628,198200
0.015642298385500908,0.18374558303886926,431,31,0.3854748603351955,198100
0.015648026019334793,0.184070796460177,430,31,0.3846767757382282,198000
0.01578800566494465,0.18439716312056736,429,31,0.383878691141261,197900
0.01590142771601677,0.1847246891651865,428,31,0.3830806065442937,197800
0.01590472087264061,0.18505338078291814,427,31,0.3822825219473264,197700
0.0159344132989645,0.18538324420677363,426,31,0.38148443735035914,197600
0.016004040837287903,0.18571428571428572,425,31,0.38068635275339185,197500
0.016119888052344322,0.18604651162790697,424,31,0.37988826815642457,197400
0.016265951097011566,0.1863799283154122,423,31,0.3790901835594573,197300
0.016374653205275536,0.1867145421903052,422,31,0.37829209896249,197200
0.016600539907813072,0.18705035971223022,421,31,0.37749401436552277,197100
0.016654158011078835,0.1873873873873874,420,31,0.3766959297685555,197000
0.016724852845072746,0.18772563176895307,419,31,0.3758978451715882,196900
0.01680608093738556,0.18806509945750452,418,31,0.3750997605746209,196800
0.016863806173205376,0.18840579710144928,417,31,0.3743016759776536,196700
0.016898412257432938,0.18874773139745918,416,31,0.37350359138068634,196600
0.01690337248146534,0.1890909090909091,415,31,0.37270550678371905,196500
0.01692854054272175,0.1894353369763206,414,31,0.37190742218675177,196400
0.017083683982491493,0.1897810218978102,413,31,0.37110933758978454,196300
0.0171392522752285,0.19012797074954296,412,31,0.37031125299281725,196200
0.017297282814979553,0.19047619047619047,411,31,0.36951316839584997,196100
0.017325252294540405,0.1908256880733945,410,31,0.3687150837988827,196000
0.01733432151377201,0.19117647058823528,409,31,0.3679169992019154,195900
0.017338920384645462,0.19152854511970535,408,31,0.3671189146049481,195800
0.017451222985982895,0.1918819188191882,407,31,0.3663208300079808,195700
0.017459049820899963,0.1922365988909427,406,31,0.3655227454110136,195600
0.017640456557273865,0.1925925925925926,405,31,0.3647246608140463,195500
0.01765495538711548,0.19294990723562153,404,31,0.363926576217079,195400
0.017725743353366852,0.19330855018587362,403,31,0.36312849162011174,195300
0.01782538928091526,0.19366852886405958,402,31,0.36233040702314445,195200
0.01783006452023983,0.19402985074626866,401,31,0.36153232242617717,195100
0.018033359199762344,0.19439252336448598,400,31,0.3607342378292099,195000
0.018185464665293694,0.1947565543071161,399,31,0.3599361532322426,194900
0.018194764852523804,0.1951219512195122,398,31,0.35913806863527536,194800
0.018197622150182724,0.19548872180451127,397,31,0.3583399840383081,194700
0.018309203907847404,0.1958568738229755,396,31,0.3575418994413408,194600
0.018364978954195976,0.19622641509433963,395,31,0.3567438148443735,194500
0.01854810118675232,0.19659735349716445,394,31,0.3559457302474062,194400
0.01865706965327263,0.19696969696969696,393,31,0.35514764565043894,194300
0.01871594414114952,0.19734345351043645,392,31,0.35434956105347165,194200
0.018816430121660233,0.19771863117870722,391,31,0.35355147645650437,194100
0.01882362551987171,0.1980952380952381,390,31,0.35275339185953714,194000
0.018960200250148773,0.1984732824427481,389,31,0.35195530726256985,193900
0.01904856041073799,0.1988527724665392,388,31,0.35115722266560256,193800
0.019080011174082756,0.19923371647509577,387,31,0.3503591380686353,193700
0.019178733229637146,0.19961612284069097,386,31,0.349561053471668,193600
0.019220294430851936,0.2,385,31,0.3487629688747007,193500
0.0193620678037405,0.2003853564547206,384,31,0.3479648842777334,193400
0.019366323947906494,0.20077220077220076,383,31,0.34716679968076614,193300
0.019411835819482803,0.2011605415860735,382,31,0.3463687150837989,193200
0.019451171159744263,0.20155038759689922,381,31,0.3455706304868316,193100
0.019500622525811195,0.20194174757281552,380,31,0.34477254588986433,193000
0.01953667774796486,0.20233463035019456,379,31,0.34397446129289705,192900
0.01964370533823967,0.19883040935672514,379,32,0.34317637669592976,197900
0.019662637263536453,0.19921875,378,32,0.3423782920989625,197800
0.019836638122797012,0.19960861056751467,377,32,0.3415802075019952,197700
0.019859662279486656,0.2,376,32,0.3407821229050279,197600
0.019976893439888954,0.20039292730844793,375,32,0.3399840383080607,197500
0.020039714872837067,0.20078740157480315,374,32,0.3391859537110934,197400
0.020389391109347343,0.20118343195266272,373,32,0.3383878691141261,197300
0.020491760224103928,0.1976284584980237,373,33,0.3375897845171588,202300
0.02059125155210495,0.19801980198019803,372,33,0.33679169992019153,202200
0.02061268500983715,0.1984126984126984,371,33,0.33599361532322425,202100
0.020672457292675972,0.1988071570576541,370,33,0.33519553072625696,202000
0.020845303311944008,0.1952191235059761,370,34,0.3343974461292897,207000
0.021015914157032967,0.19560878243512975,369,34,0.33359936153232245,206900
0.021290233358740807,0.196,368,34,0.33280127693535516,206800
0.02130543626844883,0.1963927855711423,367,34,0.3320031923383879,206700
0.02133866958320141,0.19678714859437751,366,34,0.3312051077414206,206600
0.02144922874867916,0.19718309859154928,365,34,0.3304070231444533,206500
0.021487800404429436,0.1975806451612903,364,34,0.329608938547486,206400
0.021538348868489265,0.19797979797979798,363,34,0.32881085395051873,206300
0.02173568308353424,0.19838056680161945,362,34,0.3280127693535515,206200
0.021827930584549904,0.19878296146044624,361,34,0.3272146847565842,206100
0.022063354030251503,0.1991869918699187,360,34,0.32641660015961693,206000
0.022189168259501457,0.19959266802443992,359,34,0.32561851556264965,205900
0.02219397947192192,0.2,358,34,0.32482043096568236,205800
0.022340523079037666,0.19631901840490798,358,35,0.3240223463687151,210800
0.02234428934752941,0.19672131147540983,357,35,0.3232242617717478,210700
0.022439144551753998,0.1971252566735113,356,35,0.3224261771747805,210600
0.02248458005487919,0.19753086419753085,355,35,0.3216280925778133,210500
0.022679084911942482,0.1979381443298969,354,35,0.320830007980846,210400
0.022768091410398483,0.19834710743801653,353,35,0.3200319233838787,210300
0.022791815921664238,0.19875776397515527,352,35,0.3192338387869114,210200
0.023060891777276993,0.1991701244813278,351,35,0.31843575418994413,210100
0.02308599464595318,0.1995841995841996,350,35,0.31763766959297685,210000
0.023093722760677338,0.2,349,35,0.31683958499600956,209900
0.023614028468728065,0.20041753653444677,348,35,0.3160415003990423,209800
0.023641258478164673,0.200836820083682,347,35,0.31524341580207504,209700
0.02372959814965725,0.20125786163522014,346,35,0.31444533120510776,209600
0.02375101111829281,0.20168067226890757,345,35,0.3136472466081405,209500
0.023814911022782326,0.20210526315789473,344,35,0.3128491620111732,209400
0.02422923408448696,0.20253164556962025,343,35,0.3120510774142059,209300
0.024231432005763054,0.2029598308668076,342,35,0.3112529928172386,209200
0.024281693622469902,0.2033898305084746,341,35,0.31045490822027133,209100
0.024443168193101883,0.20382165605095542,340,35,0.30965682362330404,209000
0.024621766060590744,0.20425531914893616,339,35,0.3088587390263368,208900
0.024622086435556412,0.20042643923240938,339,36,0.30806065442936953,213900
0.024648170918226242,0.20085470085470086,338,36,0.30726256983240224,213800
0.02490951493382454,0.2012847965738758,337,36,0.30646448523543496,213700
0.024980105459690094,0.2017167381974249,336,36,0.3056664006384677,213600
0.025009354576468468,0.2021505376344086,335,36,0.3048683160415004,213500
0.02505091205239296,0.2025862068965517,334,36,0.3040702314445331,213400
0.025109652429819107,0.20302375809935205,333,36,0.3032721468475658,213300
0.025134334340691566,0.20346320346320346,332,36,0.3024740622505986,213200
0.025174470618367195,0.2039045553145336,331,36,0.3016759776536313,213100
0.025197148323059082,0.20434782608695654,330,36,0.300877893056664,213000
0.025476954877376556,0.2047930283224401,329,36,0.30007980845969673,212900
0.02584562636911869,0.2052401746724891,328,36,0.29928172386272944,212800
0.025918468832969666,0.20568927789934355,327,36,0.29848363926576216,212700
0.025945959612727165,0.20175438596491227,327,37,0.29768555466879487,217700
0.02601965144276619,0.2021978021978022,326,37,0.2968874700718276,217600
0.026032591238617897,0.2026431718061674,325,37,0.29608938547486036,217500
0.026143109425902367,0.20309050772626933,324,37,0.29529130087789307,217400
0.026191819459199905,0.20353982300884957,323,37,0.2944932162809258,217300
0.02626173198223114,0.2039911308203991,322,37,0.2936951316839585,217200
0.026368455961346626,0.20444444444444446,321,37,0.2928970470869912,217100
0.02645905688405037,0.20489977728285078,320,37,0.29209896249002393,217000
0.026576250791549683,0.20535714285714285,319,37,0.29130087789305664,216900
0.026622891426086426,0.2058165548098434,318,37,0.2905027932960894,216800
0.026772504672408104,0.2062780269058296,317,37,0.2897047086991221,216700
0.027637042105197906,0.20674157303370785,316,37,0.28890662410215484,216600
0.02784516103565693,0.2072072072072072,315,37,0.28810853950518756,216500
0.02790694497525692,0.2076749435665914,314,37,0.28731045490822027,216400
0.028181757777929306,0.2081447963800905,313,37,0.286512370311253,216300
0.028216613456606865,0.20861678004535147,312,37,0.2857142857142857,216200
0.02821972407400608,0.20909090909090908,311,37,0.2849162011173184,216100
0.02850791998207569,0.20956719817767655,310,37,0.2841181165203512,216000
0.028519924730062485,0.2100456621004566,309,37,0.2833200319233839,215900
0.02852456085383892,0.21052631578947367,308,37,0.2825219473264166,215800
0.02862446941435337,0.21100917431192662,307,37,0.2817238627294493,215700
0.02870263159275055,0.21149425287356322,306,37,0.28092577813248204,215600
0.028822073712944984,0.2119815668202765,305,37,0.28012769353551475,215500
0.028922516852617264,0.21247113163972287,304,37,0.27932960893854747,215400
0.029110081493854523,0.21296296296296297,303,37,0.2785315243415802,215300
0.029220910742878914,0.21345707656612528,302,37,0.27773343974461295,215200
0.029274577274918556,0.21395348837209302,301,37,0.27693535514764567,215100
0.029313459992408752,0.21445221445221446,300,37,0.2761372705506784,215000
0.029377274215221405,0.21495327102803738,299,37,0.2753391859537111,214900
0.029498759657144547,0.2154566744730679,298,37,0.2745411013567438,214800
0.029627202078700066,0.215962441314554,297,37,0.2737430167597765,214700
0.029862508177757263,0.21176470588235294,297,38,0.27294493216280924,219700
0.029885191470384598,0.21226415094339623,296,38,0.27214684756584195,219600
0.030124694108963013,0.2127659574468085,295,38,0.2713487629688747,219500
0.03017641231417656,0.2132701421800948,294,38,0.27055067837190744,219400
0.03103105165064335,0.21377672209026127,293,38,0.26975259377494015,219300
0.031036335974931717,0.21428571428571427,292,38,0.26895450917797287,219200
0.0310691986232996,0.21479713603818615,291,38,0.2681564245810056,219100
0.03125452250242233,0.215311004784689,290,38,0.2673583399840383,219000
0.03138170391321182,0.2158273381294964,289,38,0.266560255387071,218900
0.031548142433166504,0.21634615384615385,288,38,0.2657621707901037,218800
0.03165833652019501,0.21686746987951808,287,38,0.2649640861931365,218700
0.03175414353609085,0.21739130434782608,286,38,0.2641660015961692,218600
0.031808625906705856,0.2179176755447942,285,38,0.2633679169992019,218500
0.031907375901937485,0.21844660194174756,284,38,0.26256983240223464,218400
0.032086651772260666,0.21897810218978103,283,38,0.26177174780526735,218300
0.032738007605075836,0.21951219512195122,282,38,0.26097366320830007,218200
0.032908570021390915,0.2200488997555012,281,38,0.2601755786113328,218100
0.033169616013765335,0.21568627450980393,281,39,0.2593774940143655,223100
0.03340383246541023,0.21621621621621623,280,39,0.25857940941739826,223000
0.03359290212392807,0.21674876847290642,279,39,0.257781324820431,222900
0.03375483676791191,0.21728395061728395,278,39,0.2569832402234637,222800
0.03377160802483559,0.21782178217821782,277,39,0.2561851556264964,222700
0.03391223028302193,0.21836228287841192,276,39,0.2553870710295291,222600
0.03503265604376793,0.21890547263681592,275,39,0.25458898643256184,222500
0.03543221950531006,0.2144638403990025,275,40,0.25379090183559455,227500
0.03546331077814102,0.215,274,40,0.2529928172386273,227400
0.03556358441710472,0.21553884711779447,273,40,0.25219473264166004,227300
0.03558295965194702,0.21608040201005024,272,40,0.25139664804469275,227200
0.03559061512351036,0.21662468513853905,271,40,0.25059856344772546,227100
0.035732451826334,0.21212121212121213,271,41,0.24980047885075818,232100
0.03581199795007706,0.21265822784810126,270,41,0.2490023942537909,232000
0.03586864843964577,0.20812182741116753,270,42,0.24820430965682364,237000
0.036028653383255005,0.20865139949109415,269,42,0.24740622505985635,236900
0.036160677671432495,0.20918367346938777,268,42,0.24660814046288906,236800
0.03631788492202759,0.20971867007672634,267,42,0.24581005586592178,236700
0.0363750196993351,0.21025641025641026,266,42,0.24501197126895452,236600
0.03639346733689308,0.21079691516709512,265,42,0.24421388667198723,236500
0.03654047101736069,0.211340206185567,264,42,0.24341580207501995,236400
0.036765556782484055,0.21188630490956073,263,42,0.24261771747805266,236300
0.0368536040186882,0.21243523316062177,262,42,0.2418196328810854,236200
0.0368877574801445,0.21298701298701297,261,42,0.24102154828411812,236100
0.036999914795160294,0.21354166666666666,260,42,0.24022346368715083,236000
0.03704563528299332,0.21409921671018275,259,42,0.23942537909018355,235900
0.037158843129873276,0.21465968586387435,258,42,0.2386272944932163,235800
0.03748401254415512,0.2152230971128609,257,42,0.237829209896249,235700
0.03754134103655815,0.21578947368421053,256,42,0.23703112529928172,235600
0.03770659863948822,0.21635883905013192,255,42,0.23623304070231443,235500
0.037956129759550095,0.21693121693121692,254,42,0.23543495610534718,235400
0.038250960409641266,0.21750663129973474,253,42,0.2346368715083799,235300
0.038357336074113846,0.21808510638297873,252,42,0.2338387869114126,235200
0.038471970707178116,0.21866666666666668,251,42,0.23304070231444532,235100
0.03861766681075096,0.2192513368983957,250,42,0.23224261771747806,235000
0.03884599357843399,0.21983914209115282,249,42,0.23144453312051078,234900
0.03906380757689476,0.21505376344086022,249,43,0.2306464485235435,239900
0.03917160630226135,0.215633423180593,248,43,0.2298483639265762,239800
0.039252735674381256,0.21621621621621623,247,43,0.22905027932960895,239700
0.039346322417259216,0.21680216802168023,246,43,0.22825219473264166,239600
0.03945273905992508,0.21739130434782608,245,43,0.22745411013567438,239500
0.03963956609368324,0.21798365122615804,244,43,0.2266560255387071,239400
0.04018931835889816,0.2185792349726776,243,43,0.22585794094173983,239300
0.04047240689396858,0.2191780821917808,242,43,0.22505985634477255,239200
0.04058604687452316,0.21978021978021978,241,43,0.22426177174780526,239100
0.04068557173013687,0.22038567493112948,240,43,0.22346368715083798,239000
0.041648875921964645,0.22099447513812154,239,43,0.22266560255387072,238900
0.04167085513472557,0.22160664819944598,238,43,0.22186751795690343,238800
0.041861165314912796,0.2222222222222222,237,43,0.22106943335993615,238700
0.04228262975811958,0.22284122562674094,236,43,0.2202713487629689,238600
0.042618028819561005,0.22346368715083798,235,43,0.2194732641660016,238500
0.04278702661395073,0.22408963585434175,234,43,0.21867517956903432,238400
0.0428127758204937,0.2247191011235955,233,43,0.21787709497206703,238300
0.043285615742206573,0.22535211267605634,232,43,0.21707901037509977,238200
0.04363870248198509,0.22598870056497175,231,43,0.2162809257781325,238100
0.04387909546494484,0.22662889518413598,230,43,0.2154828411811652,238000
0.043927643448114395,0.22727272727272727,229,43,0.21468475658419792,237900
0.04411981254816055,0.22792022792022792,228,43,0.21388667198723066,237800
0.044531673192977905,0.22857142857142856,227,43,0.21308858739026337,237700
0.04455069452524185,0.22922636103151864,226,43,0.2122905027932961,237600
0.0446343868970871,0.22988505747126436,225,43,0.2114924181963288,237500
0.04558712616562843,0.23054755043227665,224,43,0.21069433359936154,237400
0.04598614200949669,0.23121387283236994,223,43,0.20989624900239426,237300
0.046342432498931885,0.2318840579710145,222,43,0.20909816440542697,237200
0.04710996150970459,0.23255813953488372,221,43,0.2083000798084597,237100
0.047353725880384445,0.23323615160349853,220,43,0.20750199521149243,237000
0.047431763261556625,0.23391812865497075,219,43,0.20670391061452514,236900
0.047544948756694794,0.2287390029325513,219,44,0.20590582601755786,241900
0.04756594076752663,0.22941176470588234,218,44,0.20510774142059057,241800
0.04762706905603409,0.23008849557522124,217,44,0.20430965682362331,241700
0.048235319554805756,0.22485207100591717,217,45,0.20351157222665603,246700
0.04845382645726204,0.22551928783382788,216,45,0.20271348762968874,246600
0.04860460385680199,0.2261904761904762,215,45,0.20191540303272146,246500
0.048685770481824875,0.22686567164179106,214,45,0.2011173184357542,246400
0.048918575048446655,0.2215568862275449,214,46,0.20031923383878691,251400
0.04926822707056999,0.2222222222222222,213,46,0.19952114924181963,251300
0.04944293573498726,0.22289156626506024,212,46,0.19872306464485234,251200
0.04954459145665169,0.2175226586102719,212,47,0.19792498004788509,256200
0.04970685765147209,0.21818181818181817,211,47,0.1971268954509178,256100
0.049813978374004364,0.2188449848024316,210,47,0.19632881085395051,256000
0.05005243048071861,0.21951219512195122,209,47,0.19553072625698323,255900
0.05022609978914261,0.22018348623853212,208,47,0.19473264166001597,255800
0.050590191036462784,0.22085889570552147,207,47,0.19393455706304868,255700
0.05088222771883011,0.22153846153846155,206,47,0.1931364724660814,255600
0.05154027044773102,0.2222222222222222,205,47,0.1923383878691141,255500
0.05163067206740379,0.22291021671826625,204,47,0.19154030327214686,255400
0.05203809216618538,0.2236024844720497,203,47,0.19074221867517957,255300
0.05210050940513611,0.22429906542056074,202,47,0.18994413407821228,255200
0.05220504850149155,0.225,201,47,0.189146049481245,255100
0.0522342212498188,0.22570532915360503,200,47,0.18834796488427774,255000
0.05293143168091774,0.22641509433962265,199,47,0.18754988028731046,254900
0.05327453836798668,0.22712933753943218,198,47,0.18675179569034317,254800
0.053566768765449524,0.22784810126582278,197,47,0.18595371109337588,254700
0.05360109359025955,0.22857142857142856,196,47,0.18515562649640863,254600
0.053602185100317,0.22929936305732485,195,47,0.18435754189944134,254500
0.05391424521803856,0.23003194888178913,194,47,0.18355945730247406,254400
0.05398651584982872,0.23076923076923078,193,47,0.1827613727055068,254300
0.05428571254014969,0.22508038585209003,193,48,0.1819632881085395,259300
0.05486701428890228,0.21935483870967742,193,49,0.18116520351157223,264300
0.05512767285108566,0.22006472491909385,192,49,0.18036711891460494,264200
0.055209435522556305,0.22077922077922077,191,49,0.17956903431763768,264100
0.05521317943930626,0.22149837133550487,190,49,0.1787709497206704,264000
0.055261142551898956,0.2222222222222222,189,49,0.1779728651237031,263900
0.05540798604488373,0.22295081967213115,188,49,0.17717478052673583,263800
0.05618642270565033,0.2236842105263158,187,49,0.17637669592976857,263700
0.056472983211278915,0.22442244224422442,186,49,0.17557861133280128,263600
0.05671859160065651,0.2251655629139073,185,49,0.174780526735834,263500
0.057045549154281616,0.21926910299003322,185,50,0.1739824421388667,268500
0.05775793269276619,0.22,184,50,0.17318435754189945,268400
0.05792970582842827,0.22073578595317725,183,50,0.17238627294493217,268300
0.05871465057134628,0.2214765100671141,182,50,0.17158818834796488,268200
0.059238675981760025,0.2222222222222222,181,50,0.1707901037509976,268100
0.06002197042107582,0.22297297297297297,180,50,0.16999201915403034,268000
0.06004488095641136,0.22372881355932203,179,50,0.16919393455706305,267900
0.060241926461458206,0.22448979591836735,178,50,0.16839584996009577,267800
0.06029963865876198,0.21843003412969283,178,51,0.16759776536312848,272800
0.06108543649315834,0.2191780821917808,177,51,0.16679968076616122,272700
0.06143704429268837,0.21993127147766323,176,51,0.16600159616919394,272600
0.0615680105984211,0.2206896551724138,175,51,0.16520351157222665,272500
0.061598021537065506,0.22145328719723184,174,51,0.16440542697525937,272400
0.06168234720826149,0.2152777777777778,174,52,0.1636073423782921,277400
0.0617995522916317,0.21602787456445993,173,52,0.16280925778132482,277300
0.06282611936330795,0.21678321678321677,172,52,0.16201117318435754,277200
0.06292828917503357,0.21754385964912282,171,52,0.16121308858739025,277100
0.06352631747722626,0.21830985915492956,170,52,0.160415003990423,277000
0.06415653228759766,0.21908127208480566,169,52,0.1596169193934557,276900
0.06435316801071167,0.2198581560283688,168,52,0.15881883479648842,276800
0.064751036465168,0.2206405693950178,167,52,0.15802075019952114,276700
0.06500896066427231,0.22142857142857142,166,52,0.15722266560255388,276600
0.06605137884616852,0.2222222222222222,165,52,0.1564245810055866,276500
0.0670432522892952,0.22302158273381295,164,52,0.1556264964086193,276400
0.0670890212059021,0.22382671480144403,163,52,0.15482841181165202,276300
0.0680290088057518,0.2246376811594203,162,52,0.15403032721468476,276200
0.06863921880722046,0.22545454545454546,161,52,0.15323224261771748,276100
0.06933842599391937,0.22627737226277372,160,52,0.1524341580207502,276000
0.07016302645206451,0.2271062271062271,159,52,0.1516360734237829,275900
0.07080607116222382,0.22794117647058823,158,52,0.15083798882681565,275800
0.07087358087301254,0.22878228782287824,157,52,0.15003990422984836,275700
0.0714816302061081,0.2222222222222222,157,53,0.14924181963288108,280700
0.07209978252649307,0.22304832713754646,156,53,0.1484437350359138,280600
0.07212807983160019,0.21641791044776118,156,54,0.14764565043894654,285600
0.07250744849443436,0.21722846441947566,155,54,0.14684756584197925,285500
0.07255415618419647,0.21804511278195488,154,54,0.14604948124501196,285400
0.07300718128681183,0.2188679245283019,153,54,0.1452513966480447,285300
0.07302084565162659,0.2196969696969697,152,54,0.14445331205107742,285200
0.07351003587245941,0.22053231939163498,151,54,0.14365522745411013,285100
0.07574295252561569,0.21374045801526717,151,55,0.14285714285714285,290100
0.07595328986644745,0.21455938697318008,150,55,0.1420590582601756,290000
0.077821284532547,0.2153846153846154,149,55,0.1412609736632083,289900
0.07783696800470352,0.21621621621621623,148,55,0.14046288906624102,289800
0.07844897359609604,0.21705426356589147,147,55,0.13966480446927373,289700
0.07879664748907089,0.2178988326848249,146,55,0.13886671987230648,289600
0.07883357256650925,0.21875,145,55,0.1380686352753392,289500
0.07960870116949081,0.2196078431372549,144,55,0.1372705506783719,289400
0.07982666045427322,0.2204724409448819,143,55,0.13647246608140462,289300
0.08039303123950958,0.22134387351778656,142,55,0.13567438148443736,289200
0.08334922790527344,0.2222222222222222,141,55,0.13487629688747008,289100
0.08429421484470367,0.22310756972111553,140,55,0.1340782122905028,289000
0.08429599553346634,0.224,139,55,0.1332801276935355,288900
0.08481381833553314,0.2248995983935743,138,55,0.13248204309656825,288800
0.08531080186367035,0.22580645161290322,137,55,0.13168395849960096,288700
0.08535309880971909,0.22672064777327935,136,55,0.13088587390263368,288600
0.08545580506324768,0.22764227642276422,135,55,0.1300877893056664,288500
0.08548282831907272,0.22857142857142856,134,55,0.12928970470869913,288400
0.08626754581928253,0.22950819672131148,133,55,0.12849162011173185,288300
0.08818049728870392,0.2222222222222222,133,56,0.12769353551476456,293300
0.09004146605730057,0.2231404958677686,132,56,0.12689545091779728,293200
0.09024211019277573,0.22406639004149378,131,56,0.12609736632083002,293100
0.09118130803108215,0.225,130,56,0.12529928172386273,293000
0.09132805466651917,0.22594142259414227,129,56,0.12450119712689545,292900
0.09209609031677246,0.2184873949579832,129,57,0.12370311252992817,297900
0.09228569269180298,0.21940928270042195,128,57,0.12290502793296089,297800
0.09264055639505386,0.22033898305084745,127,57,0.12210694333599362,297700
0.09288756549358368,0.22127659574468084,126,57,0.12130885873902633,297600
0.0931236669421196,0.2222222222222222,125,57,0.12051077414205906,297500
0.09343598783016205,0.22317596566523606,124,57,0.11971268954509177,297400
0.0936681255698204,0.21551724137931033,124,58,0.1189146049481245,302400
0.09487619996070862,0.21645021645021645,123,58,0.11811652035115722,302300
0.09568391740322113,0.20869565217391303,123,59,0.11731843575418995,307300
0.09694245457649231,0.2096069868995633,122,59,0.11652035115722266,307200
0.0977855920791626,0.21052631578947367,121,59,0.11572226656025539,307100
0.09808813780546188,0.21145374449339208,120,59,0.1149241819632881,307000
0.09844542294740677,0.21238938053097345,119,59,0.11412609736632083,306900
0.09856369346380234,0.21333333333333335,118,59,0.11332801276935354,306800
0.0986861139535904,0.20535714285714285,118,60,0.11252992817238627,311800
0.10011705011129379,0.2062780269058296,117,60,0.11173184357541899,311700
0.1007923036813736,0.1981981981981982,117,61,0.11093375897845172,316700
0.10204638540744781,0.19909502262443438,116,61,0.11013567438148444,316600
0.10265926271677017,0.2,115,61,0.10933758978451716,316500
0.1044345498085022,0.2009132420091324,114,61,0.10853950518754989,316400
0.10560586303472519,0.2018348623853211,113,61,0.1077414205905826,316300
0.1058351993560791,0.20276497695852536,112,61,0.10694333599361533,316200
0.10619775950908661,0.2037037037037037,111,61,0.10614525139664804,316100
0.107597716152668,0.20465116279069767,110,61,0.10534716679968077,316000
0.10764248669147491,0.205607476635514,109,61,0.10454908220271349,315900
0.11008748412132263,0.20657276995305165,108,61,0.10375099760574621,315800
0.11056407541036606,0.20754716981132076,107,61,0.10295291300877893,315700
0.11057251691818237,0.20853080568720378,106,61,0.10215482841181166,315600
0.11100180447101593,0.20952380952380953,105,61,0.10135674381484437,315500
0.11106884479522705,0.21052631578947367,104,61,0.1005586592178771,315400
0.11153155565261841,0.21153846153846154,103,61,0.09976057462090981,315300
0.11236656457185745,0.2028985507246377,103,62,0.09896249002394254,320300
0.1128658652305603,0.20388349514563106,102,62,0.09816440542697526,320200
0.11383073776960373,0.2048780487804878,101,62,0.09736632083000799,320100
0.1142483577132225,0.19607843137254902,101,63,0.0965682362330407,325100
0.11456899344921112,0.19704433497536947,100,63,0.09577015163607343,325000
0.11538835614919662,0.19801980198019803,99,63,0.09497206703910614,324900
0.1157790869474411,0.19900497512437812,98,63,0.09417398244213887,324800
0.11668865382671356,0.2,97,63,0.09337589784517158,324700
0.1185564175248146,0.20100502512562815,96,63,0.09257781324820431,324600
0.11871889978647232,0.20202020202020202,95,63,0.09177972865123703,324500
0.1188189834356308,0.19289340101522842,95,64,0.09098164405426976,329500
0.11890806257724762,0.19387755102040816,94,64,0.09018355945730247,329400
0.11899945884943008,0.18461538461538463,94,65,0.0893854748603352,334400
0.12094496190547943,0.18556701030927836,93,65,0.08858739026336791,334300
0.1209540143609047,0.18652849740932642,92,65,0.08778930566640064,334200
0.12101723998785019,0.1875,91,65,0.08699122106943336,334100
0.12198054790496826,0.17801047120418848,91,66,0.08619313647246608,339100
0.12575626373291016,0.17894736842105263,90,66,0.0853950518754988,339000
0.1263255774974823,0.17989417989417988,89,66,0.08459696727853153,338900
0.13065466284751892,0.18085106382978725,88,66,0.08379888268156424,338800
0.13089455664157867,0.18181818181818182,87,66,0.08300079808459697,338700
0.13102221488952637,0.1827956989247312,86,66,0.08220271348762968,338600
0.13133969902992249,0.1837837837837838,85,66,0.08140462889066241,338500
0.13246649503707886,0.18478260869565216,84,66,0.08060654429369513,338400
0.1359752118587494,0.18579234972677597,83,66,0.07980845969672785,338300
0.13598357141017914,0.18681318681318682,82,66,0.07901037509976057,338200
0.1364932507276535,0.1878453038674033,81,66,0.0782122905027933,338100
0.1395130753517151,0.18888888888888888,80,66,0.07741420590582601,338000
0.14082162082195282,0.18994413407821228,79,66,0.07661612130885874,337900
0.14306946098804474,0.19101123595505617,78,66,0.07581803671189145,337800
0.1457042247056961,0.192090395480226,77,66,0.07501995211492418,337700
0.14826099574565887,0.19318181818181818,76,66,0.0742218675179569,337600
0.15217886865139008,0.19428571428571428,75,66,0.07342378292098962,337500
0.15325945615768433,0.19540229885057472,74,66,0.07262569832402235,337400
0.15327826142311096,0.19653179190751446,73,66,0.07182761372705507,337300
0.15332667529582977,0.19767441860465115,72,66,0.0710295291300878,337200
0.15392178297042847,0.19883040935672514,71,66,0.07023144453312051,337100
0.15485738217830658,0.2,70,66,0.06943335993615324,337000
0.15763086080551147,0.20118343195266272,69,66,0.06863527533918595,336900
0.15782718360424042,0.20238095238095238,68,66,0.06783719074221868,336800
0.15833067893981934,0.20359281437125748,67,66,0.0670391061452514,336700
0.15892012417316437,0.20481927710843373,66,66,0.06624102154828412,336600
0.16131377220153809,0.20606060606060606,65,66,0.06544293695131684,336500
0.16148997843265533,0.2073170731707317,64,66,0.06464485235434957,336400
0.16241499781608582,0.2085889570552147,63,66,0.06384676775738228,336300
0.16345340013504028,0.20987654320987653,62,66,0.06304868316041501,336200
0.16491514444351196,0.2111801242236025,61,66,0.06225059856344772,336100
0.16641858220100403,0.2125,60,66,0.061452513966480445,336000
0.16723822057247162,0.2138364779874214,59,66,0.060654429369513166,335900
0.1673337072134018,0.21518987341772153,58,66,0.05985634477254589,335800
0.16952329874038696,0.21656050955414013,57,66,0.05905826017557861,335700
0.17291918396949768,0.21794871794871795,56,66,0.05826017557861133,335600
0.1756156086921692,0.21935483870967742,55,66,0.05746209098164405,335500
0.1829904168844223,0.2077922077922078,55,67,0.05666400638467677,340500
0.18311721086502075,0.20915032679738563,54,67,0.055865921787709494,340400
0.18548551201820374,0.21052631578947367,53,67,0.05506783719074222,340300
0.19653373956680298,0.2119205298013245,52,67,0.05426975259377494,340200
0.20053993165493011,0.2,52,68,0.053471667996807665,345200
0.20884165167808533,0.20134228187919462,51,68,0.052673583399840386,345100
0.21205683052539825,0.20270270270270271,50,68,0.05187549880287311,345000
0.21212686598300934,0.20408163265306123,49,68,0.05107741420590583,344900
0.21233326196670532,0.2054794520547945,48,68,0.05027932960893855,344800
0.21657371520996094,0.20689655172413793,47,68,0.04948124501197127,344700
0.2190992385149002,0.20833333333333334,46,68,0.04868316041500399,344600
0.22185063362121582,0.2097902097902098,45,68,0.047885075818036714,344500
0.22559821605682373,0.2112676056338028,44,68,0.047086991221069435,344400
0.2267630696296692,0.2127659574468085,43,68,0.04628890662410216,344300
0.22948463261127472,0.21428571428571427,42,68,0.04549082202713488,344200
0.23926205933094025,0.2158273381294964,41,68,0.0446927374301676,344100
0.2407442182302475,0.21739130434782608,40,68,0.04389465283320032,344000
0.24751482903957367,0.21897810218978103,39,68,0.04309656823623304,343900
0.24829556047916412,0.22058823529411764,38,68,0.04229848363926576,343800
0.2712307274341583,0.2222222222222222,37,68,0.041500399042298484,343700
0.29301881790161133,0.22388059701492538,36,68,0.040702314445331206,343600
0.31607526540756226,0.22556390977443608,35,68,0.03990422984836393,343500
0.3173592686653137,0.22727272727272727,34,68,0.03910614525139665,343400
0.31907323002815247,0.21374045801526717,34,69,0.03830806065442937,348400
0.3261272609233856,0.2153846153846154,33,69,0.03750997605746209,348300
0.3294803202152252,0.21705426356589147,32,69,0.03671189146049481,348200
0.3487882912158966,0.21875,31,69,0.035913806863527534,348100
0.35393673181533813,0.2204724409448819,30,69,0.035115722266560255,348000
0.3671598434448242,0.2222222222222222,29,69,0.034317637669592976,347900
0.389273077249527,0.224,28,69,0.0335195530726257,347800
0.3923146426677704,0.22580645161290322,27,69,0.03272146847565842,347700
0.39537498354911804,0.21138211382113822,27,70,0.03192338387869114,352700
0.4007904827594757,0.21311475409836064,26,70,0.03112529928172386,352600
0.40487927198410034,0.21487603305785125,25,70,0.030327214684756583,352500
0.4142635762691498,0.2,25,71,0.029529130087789304,357500
0.4211455285549164,0.18487394957983194,25,72,0.028731045490822026,362500
0.42272937297821045,0.1864406779661017,24,72,0.027932960893854747,362400
0.427933007478714,0.18803418803418803,23,72,0.02713487629688747,362300
0.43065696954727173,0.1896551724137931,22,72,0.026336791699920193,362200
0.4344457685947418,0.19130434782608696,21,72,0.025538707102952914,362100
0.4524390995502472,0.19298245614035087,20,72,0.024740622505985636,362000
0.45328783988952637,0.19469026548672566,19,72,0.023942537909018357,361900
0.4565427601337433,0.19642857142857142,18,72,0.02314445331205108,361800
0.46089261770248413,0.18018018018018017,18,73,0.0223463687150838,366800
0.48430466651916504,0.18181818181818182,17,73,0.02154828411811652,366700
0.4911136329174042,0.1834862385321101,16,73,0.020750199521149242,366600
0.49652940034866333,0.18518518518518517,15,73,0.019952114924181964,366500
0.5017454624176025,0.16822429906542055,15,74,0.019154030327214685,371500
0.5412333607673645,0.16981132075471697,14,74,0.018355945730247406,371400
0.5589355230331421,0.17142857142857143,13,74,0.017557861133280128,371300
0.564354419708252,0.17307692307692307,12,74,0.01675977653631285,371200
0.5665088891983032,0.1553398058252427,12,75,0.01596169193934557,376200
0.5752716064453125,0.13725490196078433,12,76,0.015163607342378291,381200
0.5766628980636597,0.13861386138613863,11,76,0.014365522745411013,381100
0.5881127715110779,0.14,10,76,0.013567438148443736,381000
0.6189320087432861,0.1414141414141414,9,76,0.012769353551476457,380900
0.6214292049407959,0.12244897959183673,9,77,0.011971268954509178,385900
0.6260192394256592,0.12371134020618557,8,77,0.0111731843575419,385800
0.6400035619735718,0.125,7,77,0.010375099760574621,385700
0.645440936088562,0.12631578947368421,6,77,0.009577015163607342,385600
0.6563237309455872,0.1276595744680851,5,77,0.008778930566640064,385500
0.661358654499054,0.10752688172043011,5,78,0.007980845969672785,390500
0.6705116033554077,0.08695652173913043,5,79,0.007182761372705506,395500
0.7207430005073547,0.08791208791208792,4,79,0.006384676775738229,395400
0.7446479201316833,0.08888888888888889,3,79,0.00558659217877095,395300
0.7451351881027222,0.06741573033707865,3,80,0.004788507581803671,400300
0.762113094329834,0.045454545454545456,3,81,0.0039904229848363925,405300
0.8031309247016907,0.04597701149425287,2,81,0.0031923383878691143,405200
0.8048076033592224,0.023255813953488372,2,82,0.0023942537909018356,410200
0.8735821843147278,0.023529411764705882,1,82,0.0015961691939345571,410100
0.9185010194778442,0.0,1,83,0.0007980845969672786,415100
1.000000001,0.0,0,83,0.0,415000
